,"('act', '{<QualifiedName: pgo:BallCollection>}')","('act', '{<QualifiedName: pgo:PokemonCapture>}')","('ent', '{<QualifiedName: pgo:Player>}')","('ent', '{<QualifiedName: pgo:PokemonStrong>}')","('ent', '{<QualifiedName: pgo:Pokestop>}')","[('der', 'der'), ('der', 'der'), (('ent', '{<QualifiedName: pgo:Player>}'), ('ent', '{<QualifiedName: pgo:Pokestop>}'))]","[('gen', 'der'), ('usd', 'der'), (('ent', '{<QualifiedName: pgo:PokemonStrong>}'), ('ent', '{<QualifiedName: pgo:Pokestop>}'))]","[('gen', 'der'), ('usd', 'der'), (('ent', '{<QualifiedName: pgo:Pokestop>}'), ('ent', '{<QualifiedName: pgo:PokemonStrong>}'))]","[('gen', 'gen'), ('usd', 'usd'), (('ent', '{<QualifiedName: pgo:Player>}'), ('ent', '{<QualifiedName: pgo:Pokestop>}'))]","[('usd', 'usd'), ('der', 'der'), (('ent', '{<QualifiedName: pgo:Player>}'), ('ent', '{<QualifiedName: pgo:Pokestop>}'))]","[['der', 'der', ('ent', '{<QualifiedName: pgo:Pokestop>}')]]","[['gen', 'usd', ('ent', '{<QualifiedName: pgo:Pokestop>}')]]","[['gen', ('act', '{<QualifiedName: pgo:BallCollection>}')], ['der', ('ent', '{<QualifiedName: pgo:Player>}')], ['der', ('ent', '{<QualifiedName: pgo:Pokestop>}')]]","[['gen', ('act', '{<QualifiedName: pgo:BallCollection>}')], ['der', ('ent', '{<QualifiedName: pgo:Pokestop>}')], ['der', ('ent', '{<QualifiedName: pgo:Player>}')]]","[['gen', ('act', '{<QualifiedName: pgo:PokemonCapture>}')], ['der', ('ent', '{<QualifiedName: pgo:Player>}')], ['der', ('ent', '{<QualifiedName: pgo:PokemonStrong>}')]]","[['gen', ('act', '{<QualifiedName: pgo:PokemonCapture>}')], ['der', ('ent', '{<QualifiedName: pgo:PokemonStrong>}')], ['der', ('ent', '{<QualifiedName: pgo:Player>}')]]","[['usd', 'der', ('ent', '{<QualifiedName: pgo:PokemonStrong>}')]]","[['usd', 'der', ('ent', '{<QualifiedName: pgo:Pokestop>}')]]","[['usd', ('ent', '{<QualifiedName: pgo:Player>}')], ['usd', ('ent', '{<QualifiedName: pgo:Pokestop>}')]]","[['usd', ('ent', '{<QualifiedName: pgo:PokemonStrong>}')], ['usd', ('ent', '{<QualifiedName: pgo:Player>}')]]","[['usd', ('ent', '{<QualifiedName: pgo:Pokestop>}')], ['usd', ('ent', '{<QualifiedName: pgo:Player>}')]]",label
0,13,6,20,2,21,0,0,2,2,1,6,0,7,19,0,2,1,7,8,0,5,Instinct
1,1,0,2,0,2,0,0,0,0,0,0,0,1,1,0,0,0,0,0,0,1,Mystic
2,1,1,3,0,2,0,0,0,2,1,0,0,2,0,0,0,0,0,1,0,0,Mystic
3,2,3,6,0,4,0,0,0,2,0,0,0,0,4,0,0,0,1,2,0,0,Mystic
4,5,6,12,0,8,0,0,0,2,1,0,0,2,8,0,0,0,2,3,0,2,Instinct
5,2,0,3,0,3,0,0,0,0,0,0,0,3,1,0,0,0,0,1,0,1,Valor
6,1,0,2,0,2,0,0,0,0,0,0,0,1,1,0,0,0,0,0,0,1,Valor
7,10,6,17,2,16,0,0,2,2,1,0,2,5,15,0,2,1,5,5,0,5,Instinct
8,4,1,6,0,7,0,0,0,2,1,2,0,2,6,0,0,0,1,3,0,1,Mystic
9,1,1,3,0,2,0,0,0,2,1,0,0,2,0,0,0,0,0,1,0,0,Mystic
10,4,0,5,0,6,0,0,0,0,0,2,2,3,5,0,0,0,1,2,0,2,Valor
11,1,0,2,0,2,0,0,0,0,0,0,0,1,1,0,0,0,0,0,0,1,Mystic
12,9,6,16,2,11,0,0,0,2,1,2,2,4,14,2,0,1,1,4,0,5,Instinct
13,1,1,3,0,2,0,0,0,2,1,0,0,2,0,0,0,0,0,1,0,0,Mystic
14,4,1,6,0,6,2,0,0,2,1,2,0,2,6,0,0,0,1,3,0,1,Mystic
15,1,0,2,0,2,0,0,0,0,0,0,0,1,1,0,0,0,0,0,0,1,Valor
16,6,6,13,2,8,0,2,0,2,1,0,0,4,8,2,0,0,1,3,0,3,Instinct
17,1,0,2,0,2,0,0,0,0,0,0,0,1,1,0,0,0,0,0,0,1,Mystic
18,4,6,11,4,7,0,0,2,2,1,0,0,1,7,3,1,2,2,3,1,1,Instinct
19,5,6,12,4,7,0,0,2,2,1,2,0,2,8,1,3,2,1,3,2,2,Instinct
20,4,0,5,0,7,0,0,0,0,0,2,0,3,5,0,0,0,2,2,0,2,Valor
21,4,6,11,4,5,0,0,0,2,1,0,0,1,7,1,3,2,0,3,1,1,Instinct
22,1,1,3,0,2,0,0,0,2,1,0,0,2,0,0,0,0,0,1,0,0,Mystic
23,3,0,4,0,4,0,0,0,0,0,0,0,3,3,0,0,0,0,1,0,2,Valor
24,1,0,2,0,2,0,0,0,0,0,0,0,1,1,0,0,0,0,0,0,1,Mystic
25,10,6,17,2,15,0,2,0,2,1,4,2,5,15,2,0,1,4,5,0,5,Instinct
26,1,1,3,2,2,0,0,0,2,1,0,0,2,0,1,1,0,0,1,1,0,Valor
27,11,6,18,4,13,0,0,2,2,1,2,0,7,15,2,2,2,1,6,0,5,Instinct
28,3,1,5,2,5,0,0,0,2,1,2,0,2,4,1,1,0,1,2,1,1,Valor
29,1,0,2,0,2,0,0,0,0,0,0,0,1,1,0,0,0,0,0,0,1,Valor
30,3,1,5,0,6,0,0,0,2,1,0,0,2,4,0,0,0,1,2,0,1,Mystic
31,5,6,12,2,8,0,0,2,2,1,2,0,2,8,0,2,1,2,3,1,2,Instinct
32,3,0,4,0,6,0,0,0,0,0,0,0,3,3,0,0,0,1,1,0,2,Valor
33,1,0,2,0,2,0,0,0,0,0,0,0,1,1,0,0,0,0,0,0,1,Mystic
34,1,0,2,0,2,0,0,0,0,0,0,0,1,1,0,0,0,0,0,0,1,Valor
35,8,6,15,0,13,0,0,0,2,1,4,2,4,12,0,0,0,3,4,0,4,Instinct
36,5,6,12,4,9,0,2,2,2,1,0,0,2,8,3,1,1,3,3,1,2,Instinct
37,1,1,3,0,2,0,0,0,2,1,0,0,2,0,0,0,0,0,1,0,0,Mystic
38,2,2,5,4,4,0,2,0,0,0,0,0,0,4,3,1,1,1,1,1,1,Valor
39,7,6,14,6,11,0,2,4,2,1,2,2,4,10,3,3,3,3,3,2,4,Instinct
40,1,0,2,0,2,0,0,0,0,0,0,0,1,1,0,0,0,0,0,0,1,Mystic
41,4,6,11,4,6,0,2,0,2,1,0,0,1,7,1,3,1,1,3,2,1,Instinct
42,2,2,5,0,4,0,0,0,0,0,0,0,0,4,0,0,0,0,1,0,1,Mystic
43,1,0,2,0,2,0,0,0,0,0,0,0,1,1,0,0,0,0,0,0,1,Valor
44,4,1,6,2,7,2,0,2,2,1,0,0,2,6,1,1,1,1,3,1,1,Valor
45,3,0,4,0,6,0,0,0,0,0,0,0,3,3,0,0,0,1,1,0,2,Valor
46,1,0,2,0,2,0,0,0,0,0,0,0,1,1,0,0,0,0,0,0,1,Valor
47,5,2,8,0,7,0,0,0,0,1,2,0,4,6,0,0,0,1,3,0,2,Mystic
48,2,0,3,0,3,0,0,0,0,0,0,0,3,1,0,0,0,0,1,0,1,Valor
49,2,3,6,0,4,0,0,0,2,0,0,0,0,4,0,0,0,1,2,0,0,Mystic
50,3,3,7,0,6,0,0,0,2,0,0,0,2,4,0,0,0,2,3,0,0,Mystic
51,7,6,14,2,10,0,0,0,2,1,2,2,4,10,1,1,1,2,3,1,4,Instinct
52,1,0,2,0,2,0,0,0,0,0,0,0,1,1,0,0,0,0,0,0,1,Valor
53,3,1,5,2,5,2,0,2,2,1,0,0,2,4,1,1,1,0,2,1,1,Valor
54,2,1,4,0,4,0,0,0,2,1,0,0,2,2,0,0,0,0,1,0,1,Mystic
55,2,1,4,2,4,0,0,2,2,1,0,0,2,2,1,1,1,0,1,1,1,Valor
56,3,2,6,0,6,0,0,0,0,0,0,0,0,6,0,0,0,1,2,0,1,Mystic
57,12,6,19,6,15,0,0,2,2,1,4,0,7,17,2,4,3,2,7,2,5,Instinct
58,14,6,21,4,21,0,4,2,2,1,4,2,7,21,2,2,2,6,8,1,6,Instinct
59,1,1,3,0,2,0,0,0,2,1,0,0,2,0,0,0,0,0,1,0,0,Mystic
60,10,6,17,4,13,0,0,4,2,1,4,0,5,15,1,3,2,2,5,2,5,Instinct
61,8,6,15,4,13,0,0,2,2,1,2,0,4,12,0,4,2,4,4,1,4,Instinct
62,2,1,4,0,4,0,0,0,2,1,0,0,2,2,0,0,0,0,1,0,1,Mystic
63,1,1,3,0,2,0,0,0,2,1,0,0,2,0,0,0,0,0,1,0,0,Mystic
64,2,2,5,0,4,0,0,0,0,0,0,0,0,4,0,0,0,0,1,0,1,Mystic
65,3,1,5,2,6,0,0,2,2,1,0,0,2,4,1,1,1,1,2,1,1,Valor
66,5,0,6,0,6,0,0,0,0,0,0,0,3,7,0,0,0,0,3,0,2,Mystic
67,3,2,6,0,5,0,0,0,0,0,0,0,0,6,0,0,0,1,2,0,1,Mystic
68,3,2,6,0,5,0,0,0,0,0,0,2,0,6,0,0,0,1,2,0,1,Mystic
69,9,6,16,0,16,0,0,0,2,1,4,0,4,14,0,0,0,6,4,0,5,Instinct
70,2,0,3,0,4,0,0,0,0,0,0,0,3,1,0,0,0,0,1,0,1,Valor
71,6,0,7,0,9,0,0,0,0,0,0,2,5,7,0,0,0,1,4,0,2,Valor
72,1,0,2,0,2,0,0,0,0,0,0,0,1,1,0,0,0,0,0,0,1,Valor
73,2,1,4,2,4,0,0,2,2,1,0,0,2,2,1,1,1,0,1,1,1,Valor
74,4,1,6,0,6,0,0,0,2,1,2,0,2,6,0,0,0,1,3,0,1,Mystic
75,6,0,7,0,8,0,0,0,0,0,0,2,5,7,0,0,0,0,4,0,2,Valor
76,5,0,6,0,7,0,0,0,0,0,2,2,3,7,0,0,0,1,3,0,2,Valor
77,3,0,4,0,5,0,0,0,0,0,0,2,3,3,0,0,0,0,1,0,2,Valor
78,2,1,4,0,4,0,0,0,2,1,0,0,2,2,0,0,0,1,1,0,1,Mystic
79,5,6,12,4,8,0,2,0,2,1,2,0,2,8,2,2,1,2,3,0,2,Instinct
80,11,6,18,8,18,0,4,2,2,1,2,4,7,15,4,4,2,6,6,2,5,Instinct
81,3,1,5,2,5,0,0,2,2,1,2,0,2,4,1,1,1,1,2,1,1,Valor
82,4,2,7,4,7,0,0,2,0,0,2,0,2,6,3,1,2,1,3,1,1,Valor
83,3,1,5,0,6,0,0,0,2,1,0,0,2,4,0,0,0,2,2,0,1,Mystic
84,2,1,4,2,4,0,0,2,2,1,0,0,2,2,1,1,1,0,1,1,1,Valor
85,10,6,17,4,17,0,0,4,2,1,4,2,5,15,0,4,2,6,5,2,5,Instinct
86,2,4,7,0,4,0,0,0,2,0,0,0,2,2,0,0,0,1,2,0,0,Mystic
87,5,1,7,2,7,0,0,0,2,1,0,2,4,6,1,1,0,0,4,1,1,Valor
88,2,1,4,0,4,0,0,0,2,1,0,0,2,2,0,0,0,0,1,0,1,Mystic
89,5,2,8,4,8,0,2,2,0,1,2,0,4,6,3,1,1,2,3,1,2,Valor
90,10,6,17,2,18,0,2,0,2,1,2,2,5,15,1,1,1,6,5,1,5,Instinct
91,3,2,6,0,5,0,0,0,0,0,0,0,0,6,0,0,0,1,2,0,1,Mystic
92,5,6,12,4,9,0,2,2,2,1,2,0,2,8,2,2,2,3,3,2,2,Instinct
93,3,0,4,0,5,0,0,0,0,0,0,2,3,3,0,0,0,0,1,0,2,Valor
94,3,0,4,0,5,0,0,0,0,0,2,0,3,3,0,0,0,1,1,0,2,Valor
95,10,6,17,0,14,0,0,0,2,1,4,2,5,15,0,0,0,3,5,0,5,Instinct
96,1,2,4,0,2,0,0,0,0,0,0,0,0,2,0,0,0,0,0,0,1,Mystic
97,5,6,12,6,10,0,4,2,2,1,0,0,2,8,5,1,2,4,3,1,2,Instinct
98,2,0,3,0,4,0,0,0,0,0,0,0,3,1,0,0,0,0,1,0,1,Valor
99,2,1,4,0,3,2,0,0,2,1,0,0,2,2,0,0,0,0,1,0,1,Mystic
100,1,0,2,0,2,0,0,0,0,0,0,0,1,1,0,0,0,0,0,0,1,Valor
101,6,6,13,0,8,0,0,0,2,1,0,0,4,8,0,0,0,1,3,0,3,Instinct
102,1,0,2,0,2,0,0,0,0,0,0,0,1,1,0,0,0,0,0,0,1,Mystic
103,3,0,4,0,4,0,0,0,0,0,0,0,3,3,0,0,0,0,1,0,2,Valor
104,5,6,12,6,9,0,2,4,2,1,2,0,2,8,3,3,3,3,3,1,2,Instinct
105,4,6,11,4,7,0,2,0,2,1,0,0,1,7,2,2,1,2,3,1,1,Instinct
106,3,0,4,0,5,0,0,0,0,0,2,0,3,3,0,0,0,1,1,0,2,Valor
107,2,0,3,0,4,0,0,0,0,0,0,0,3,1,0,0,0,0,1,0,1,Mystic
108,8,6,15,4,14,0,2,2,2,1,2,2,4,12,2,2,2,4,4,0,4,Instinct
109,11,6,18,0,18,0,0,0,2,1,2,2,7,15,0,0,0,6,6,0,5,Instinct
110,7,5,13,2,9,2,0,0,2,1,2,0,6,8,1,1,1,1,4,1,3,Instinct
111,4,6,11,4,7,0,2,2,2,1,0,0,1,7,3,1,2,2,3,1,1,Instinct
112,1,0,2,0,2,0,0,0,0,0,0,0,1,1,0,0,0,0,0,0,1,Valor
113,2,0,3,0,4,0,0,0,0,0,0,0,3,1,0,0,0,0,1,0,1,Valor
114,2,0,3,0,4,0,0,0,0,0,0,0,3,1,0,0,0,0,1,0,1,Mystic
115,2,0,3,0,3,0,0,0,0,0,0,0,3,1,0,0,0,0,1,0,1,Valor
116,6,6,13,2,9,0,0,0,2,1,2,2,4,8,1,1,1,2,3,1,3,Instinct
117,1,0,2,0,2,0,0,0,0,0,0,0,1,1,0,0,0,0,0,0,1,Valor
118,1,0,2,0,2,0,0,0,0,0,0,0,1,1,0,0,0,0,0,0,1,Mystic
119,6,6,13,2,11,0,2,0,2,1,2,0,4,8,1,1,1,4,3,1,3,Instinct
120,2,1,4,0,4,0,0,0,2,1,0,0,2,2,0,0,0,0,1,0,1,Mystic
121,1,0,2,0,2,0,0,0,0,0,0,0,1,1,0,0,0,0,0,0,1,Valor
122,2,0,3,0,3,0,0,0,0,0,0,0,3,1,0,0,0,0,1,0,1,Mystic
123,1,0,2,0,2,0,0,0,0,0,0,0,1,1,0,0,0,0,0,0,1,Mystic
124,2,0,3,0,4,0,0,0,0,0,0,0,3,1,0,0,0,0,1,0,1,Mystic
125,1,0,2,0,2,0,0,0,0,0,0,0,1,1,0,0,0,0,0,0,1,Mystic
126,4,6,11,0,7,0,0,0,2,1,2,0,1,7,0,0,0,2,3,0,1,Instinct
127,3,1,5,0,5,0,0,0,2,1,2,0,2,4,0,0,0,1,2,0,1,Mystic
128,1,0,2,0,2,0,0,0,0,0,0,0,1,1,0,0,0,0,0,0,1,Mystic
129,5,6,12,2,7,0,0,2,2,1,0,0,2,8,2,0,1,1,3,0,2,Instinct
130,10,6,17,4,12,0,0,2,2,1,2,0,5,15,3,1,2,1,5,1,5,Instinct
131,1,0,2,0,2,0,0,0,0,0,0,0,1,1,0,0,0,0,0,0,1,Mystic
132,6,6,13,2,9,0,0,2,2,1,2,0,4,8,1,1,1,2,3,1,3,Instinct
133,3,0,4,0,5,0,0,0,0,0,0,2,3,3,0,0,0,0,1,0,2,Valor
134,10,6,17,2,16,0,2,2,2,1,2,4,5,15,1,1,1,5,5,1,5,Instinct
135,1,0,2,0,2,0,0,0,0,0,0,0,1,1,0,0,0,0,0,0,1,Mystic
136,7,5,13,2,12,0,0,2,2,1,0,0,6,8,1,1,1,4,4,1,3,Instinct
137,1,0,2,0,2,0,0,0,0,0,0,0,1,1,0,0,0,0,0,0,1,Mystic
138,1,0,2,0,2,0,0,0,0,0,0,0,1,1,0,0,0,0,0,0,1,Mystic
139,1,0,2,0,2,0,0,0,0,0,0,0,1,1,0,0,0,0,0,0,1,Mystic
140,2,2,5,0,3,0,0,0,0,0,0,0,3,1,0,0,0,0,1,0,1,Mystic
141,3,6,10,2,5,0,0,0,0,0,0,0,4,2,2,0,1,1,1,0,2,Instinct
142,7,6,14,4,10,0,2,2,0,0,0,0,6,8,2,2,1,2,4,1,3,Instinct
143,2,2,5,4,4,0,2,2,0,0,0,0,3,1,0,4,1,1,1,1,1,Valor
144,2,0,3,0,4,0,0,0,0,0,0,0,3,1,0,0,0,0,1,0,1,Valor
145,3,2,6,0,5,0,0,0,0,0,0,0,3,3,0,0,0,0,1,0,2,Mystic
146,7,6,14,2,11,0,0,0,0,0,2,0,6,8,0,2,1,3,4,0,3,Instinct
147,5,6,12,2,8,0,2,0,0,0,0,0,4,6,0,2,0,1,2,0,3,Instinct
148,3,2,6,0,5,0,0,0,0,0,2,0,3,3,0,0,0,1,1,0,2,Mystic
149,3,2,6,4,6,0,4,2,0,0,0,0,3,3,0,4,1,2,1,0,2,Valor
150,6,1,8,2,9,2,2,2,2,1,2,2,6,6,1,1,1,2,4,1,2,Valor
151,1,0,2,0,2,0,0,0,0,0,0,0,1,1,0,0,0,0,0,0,1,Valor
152,2,1,4,0,3,2,0,0,2,1,0,0,2,2,0,0,0,0,1,0,1,Mystic
153,12,6,19,4,15,0,0,2,2,1,4,0,7,17,4,0,1,2,7,0,5,Instinct
154,5,6,12,2,8,0,0,0,2,1,2,0,2,8,0,2,1,2,3,1,2,Instinct
155,1,0,2,0,2,0,0,0,0,0,0,0,1,1,0,0,0,0,0,0,1,Mystic
156,9,6,16,2,11,0,0,0,2,1,0,0,4,14,0,2,1,1,4,1,5,Instinct
157,2,1,4,2,4,0,2,0,2,1,0,0,2,2,1,1,0,1,1,1,1,Valor
158,3,1,5,2,5,0,0,2,2,1,2,0,2,4,1,1,1,1,2,1,1,Valor
159,2,1,4,0,3,2,0,0,2,1,0,0,2,2,0,0,0,0,1,0,1,Mystic
160,1,0,2,0,2,0,0,0,0,0,0,0,1,1,0,0,0,0,0,0,1,Mystic
161,1,1,3,0,2,0,0,0,2,1,0,0,2,0,0,0,0,0,1,0,0,Mystic
162,11,6,18,0,16,0,0,0,2,1,4,2,7,15,0,0,0,4,6,0,5,Instinct
163,1,2,4,0,2,0,0,0,0,0,0,0,0,2,0,0,0,0,0,0,1,Mystic
164,2,0,3,0,4,0,0,0,0,0,0,0,3,1,0,0,0,0,1,0,1,Valor
165,2,1,4,2,3,2,0,0,2,1,0,0,2,2,1,1,0,0,1,1,1,Valor
166,4,6,11,4,7,0,0,2,2,1,2,0,1,7,2,2,2,2,3,1,1,Instinct
167,4,0,5,0,5,0,0,0,0,0,0,0,3,5,0,0,0,0,2,0,2,Valor
168,12,6,19,2,13,0,0,0,2,1,0,0,7,17,2,0,1,0,7,0,5,Instinct
169,1,0,2,0,2,0,0,0,0,0,0,0,1,1,0,0,0,0,0,0,1,Valor
170,3,2,6,0,5,0,0,0,0,0,2,0,0,6,0,0,0,1,2,0,1,Mystic
171,2,1,4,0,3,2,0,0,2,1,0,0,2,2,0,0,0,0,1,0,1,Mystic
172,7,6,14,0,11,0,0,0,2,1,4,0,4,10,0,0,0,3,3,0,4,Instinct
173,4,3,8,0,6,0,0,0,2,0,0,0,3,5,0,0,0,0,3,0,1,Mystic
174,6,6,13,4,9,0,2,2,2,1,0,0,4,8,1,3,1,2,3,1,3,Instinct
175,6,6,13,0,9,0,0,0,2,1,0,2,4,8,0,0,0,2,3,0,3,Instinct
176,7,6,14,2,10,0,0,0,2,1,2,0,4,10,0,2,1,2,3,1,4,Instinct
177,4,0,5,0,7,0,0,0,0,0,0,2,3,5,0,0,0,1,2,0,2,Valor
178,1,2,4,0,2,0,0,0,0,0,0,0,0,2,0,0,0,0,0,0,1,Mystic
179,3,0,4,0,5,0,0,0,0,0,2,0,3,3,0,0,0,1,1,0,2,Valor
180,1,0,2,0,2,0,0,0,0,0,0,0,1,1,0,0,0,0,0,0,1,Valor
181,3,3,7,0,5,0,0,0,2,0,0,0,2,4,0,0,0,1,3,0,0,Mystic
182,1,0,2,0,2,0,0,0,0,0,0,0,1,1,0,0,0,0,0,0,1,Mystic
183,1,1,3,0,2,0,0,0,2,1,0,0,2,0,0,0,0,0,1,0,0,Mystic
184,2,2,5,0,4,0,0,0,0,0,0,0,0,4,0,0,0,0,1,0,1,Mystic
185,2,0,3,0,3,0,0,0,0,0,0,0,3,1,0,0,0,0,1,0,1,Valor
186,8,0,9,0,12,0,0,0,0,0,4,2,7,9,0,0,0,3,5,0,3,Valor
187,4,4,9,0,8,0,0,0,0,0,0,0,3,5,0,0,0,2,3,0,1,Mystic
188,5,3,9,6,8,0,0,4,2,0,4,0,3,7,4,2,3,2,4,2,1,Valor
189,2,0,3,0,3,0,0,0,0,0,0,0,3,1,0,0,0,0,1,0,1,Valor
190,1,0,2,0,2,0,0,0,0,0,0,0,1,1,0,0,0,0,0,0,1,Valor
191,1,0,2,0,2,0,0,0,0,0,0,0,1,1,0,0,0,0,0,0,1,Valor
192,2,2,5,0,3,0,0,0,0,0,0,0,0,4,0,0,0,0,1,0,1,Mystic
193,2,0,3,0,4,0,0,0,0,0,0,0,3,1,0,0,0,0,1,0,1,Valor
194,7,4,12,4,12,0,0,4,0,0,4,0,4,10,1,3,2,4,4,1,3,Instinct
195,7,6,14,2,10,0,0,0,2,1,0,2,4,10,2,0,1,2,3,0,4,Instinct
196,2,0,3,0,3,0,0,0,0,0,0,0,3,1,0,0,0,0,1,0,1,Valor
197,1,0,2,0,2,0,0,0,0,0,0,0,1,1,0,0,0,0,0,0,1,Valor
198,1,1,3,0,2,0,0,0,2,1,0,0,2,0,0,0,0,0,1,0,0,Mystic
199,6,6,13,0,8,0,0,0,2,1,0,0,4,8,0,0,0,1,3,0,3,Instinct
200,1,0,2,0,2,0,0,0,0,0,0,0,1,1,0,0,0,0,0,0,1,Valor
201,1,0,2,0,2,0,0,0,0,0,0,0,1,1,0,0,0,0,0,0,1,Valor
202,3,1,5,2,5,2,0,2,2,1,0,0,2,4,1,1,1,0,2,1,1,Valor
203,1,0,2,0,2,0,0,0,0,0,0,0,1,1,0,0,0,0,0,0,1,Valor
204,1,0,2,0,2,0,0,0,0,0,0,0,1,1,0,0,0,0,0,0,1,Mystic
205,2,0,3,0,3,0,0,0,0,0,0,0,3,1,0,0,0,0,1,0,1,Valor
206,2,0,3,0,4,0,0,0,0,0,0,0,3,1,0,0,0,0,1,0,1,Mystic
207,5,6,12,0,9,0,0,0,2,1,0,2,2,8,0,0,0,3,3,0,2,Instinct
208,5,6,12,0,6,0,0,0,2,1,0,0,2,8,0,0,0,0,3,0,2,Instinct
209,2,0,3,0,3,0,0,0,0,0,0,0,3,1,0,0,0,0,1,0,1,Valor
210,9,5,15,4,14,0,2,2,2,1,4,2,6,12,2,2,2,3,5,1,4,Instinct
211,2,0,3,0,3,0,0,0,0,0,0,0,3,1,0,0,0,0,1,0,1,Mystic
212,10,6,17,4,11,0,0,0,2,1,0,0,5,15,2,2,1,0,5,1,5,Instinct
213,2,0,3,0,3,0,0,0,0,0,0,0,3,1,0,0,0,0,1,0,1,Valor
214,4,6,11,4,7,0,0,4,2,1,0,0,1,7,2,2,2,1,3,0,1,Instinct
215,2,0,3,0,4,0,0,0,0,0,0,0,3,1,0,0,0,0,1,0,1,Valor
216,1,0,2,0,2,0,0,0,0,0,0,0,1,1,0,0,0,0,0,0,1,Mystic
217,7,6,14,4,11,0,0,4,2,1,2,0,4,10,2,2,2,2,3,1,4,Instinct
218,1,0,2,0,2,0,0,0,0,0,0,0,1,1,0,0,0,0,0,0,1,Mystic
219,5,5,11,2,9,0,0,2,2,1,2,0,3,7,1,1,1,2,4,1,1,Instinct
220,2,0,3,0,3,0,0,0,0,0,0,0,3,1,0,0,0,0,1,0,1,Valor
221,3,0,4,0,4,0,0,0,0,0,0,0,3,3,0,0,0,0,1,0,2,Mystic
222,3,0,4,0,5,0,0,0,0,0,0,2,3,3,0,0,0,0,1,0,2,Valor
223,5,6,12,0,8,0,0,0,2,1,0,2,2,8,0,0,0,2,3,0,2,Instinct
224,6,6,13,4,9,0,0,2,2,1,4,0,4,8,3,1,2,2,3,1,3,Instinct
225,7,6,14,2,13,0,2,0,2,1,0,0,4,10,2,0,1,5,3,0,4,Instinct
226,2,0,3,0,3,0,0,0,0,0,0,0,3,1,0,0,0,0,1,0,1,Mystic
227,1,0,2,0,2,0,0,0,0,0,0,0,1,1,0,0,0,0,0,0,1,Mystic
228,7,6,14,0,11,0,0,0,2,1,2,2,4,10,0,0,0,3,3,0,4,Instinct
229,8,6,15,2,9,0,0,0,2,1,0,0,4,12,1,1,1,0,4,1,4,Instinct
230,2,0,3,0,3,0,0,0,0,0,0,0,3,1,0,0,0,0,1,0,1,Mystic
231,1,0,2,0,2,0,0,0,0,0,0,0,1,1,0,0,0,0,0,0,1,Valor
232,3,0,4,0,5,0,0,0,0,0,0,2,3,3,0,0,0,0,1,0,2,Valor
233,9,4,14,4,13,0,0,2,0,0,4,0,6,12,1,3,2,3,4,2,5,Instinct
234,3,0,4,0,5,0,0,0,0,0,0,2,3,3,0,0,0,0,1,0,2,Mystic
235,2,0,3,0,3,0,0,0,0,0,0,0,3,1,0,0,0,0,1,0,1,Valor
236,1,0,2,0,2,0,0,0,0,0,0,0,1,1,0,0,0,0,0,0,1,Mystic
237,1,0,2,0,2,0,0,0,0,0,0,0,1,1,0,0,0,0,0,0,1,Mystic
238,7,6,14,2,13,0,2,0,2,1,2,0,4,10,2,0,0,5,3,0,4,Instinct
239,1,0,2,0,2,0,0,0,0,0,0,0,1,1,0,0,0,0,0,0,1,Valor
240,1,0,2,0,2,0,0,0,0,0,0,0,1,1,0,0,0,0,0,0,1,Mystic
241,1,1,3,2,2,0,0,0,2,1,0,0,2,0,1,1,0,0,1,1,0,Valor
242,1,0,2,0,2,0,0,0,0,0,0,0,1,1,0,0,0,0,0,0,1,Valor
243,5,4,10,0,8,0,0,0,0,0,0,0,3,7,0,0,0,2,4,0,1,Instinct
244,12,3,16,4,17,0,2,2,2,0,4,2,6,18,3,1,2,3,6,1,6,Instinct
245,3,0,4,0,4,0,0,0,0,0,0,0,3,3,0,0,0,0,1,0,2,Mystic
246,2,0,3,0,3,0,0,0,0,0,0,0,3,1,0,0,0,0,1,0,1,Valor
247,3,6,10,0,6,0,0,0,2,1,0,0,1,5,0,0,0,2,3,0,0,Instinct
248,9,5,15,0,13,2,0,0,2,1,2,2,6,12,0,0,0,3,5,0,4,Instinct
249,1,0,2,0,2,0,0,0,0,0,0,0,1,1,0,0,0,0,0,0,1,Valor
250,9,6,16,2,15,0,0,2,2,1,2,0,4,14,2,0,1,5,4,0,5,Instinct
251,8,6,15,0,11,0,0,0,2,1,2,0,4,12,0,0,0,2,4,0,4,Instinct
252,11,4,16,8,16,0,2,4,0,0,4,2,6,16,3,5,3,4,5,2,6,Instinct
253,1,0,2,0,2,0,0,0,0,0,0,0,1,1,0,0,0,0,0,0,1,Valor
254,2,0,3,0,3,0,0,0,0,0,0,0,3,1,0,0,0,0,1,0,1,Valor
255,8,6,15,2,12,0,0,0,2,1,0,2,4,12,0,2,1,3,4,0,4,Instinct
256,1,0,2,0,2,0,0,0,0,0,0,0,1,1,0,0,0,0,0,0,1,Mystic
257,1,1,3,0,2,0,0,0,2,1,0,0,2,0,0,0,0,0,1,0,0,Mystic
258,5,4,10,2,9,0,2,0,0,0,2,0,3,7,2,0,1,3,4,0,1,Instinct
259,1,1,3,0,2,0,0,0,2,1,0,0,2,0,0,0,0,0,1,0,0,Mystic
260,5,3,9,0,9,0,0,0,2,0,2,0,3,7,0,0,0,3,4,0,1,Instinct
261,8,6,15,6,14,0,4,4,2,1,2,0,4,12,2,4,3,4,4,2,4,Instinct
262,5,5,11,4,9,2,2,2,2,1,0,2,3,7,0,4,1,3,4,1,1,Instinct
263,2,0,3,0,3,0,0,0,0,0,0,0,3,1,0,0,0,0,1,0,1,Mystic
264,1,1,3,0,2,0,0,0,2,1,0,0,2,0,0,0,0,0,1,0,0,Mystic
265,6,4,11,0,11,0,0,0,0,0,0,0,3,9,0,0,0,4,4,0,2,Instinct
266,7,6,14,4,11,0,0,2,2,1,0,0,4,10,2,2,2,2,3,0,4,Instinct
267,2,0,3,0,3,0,0,0,0,0,0,0,3,1,0,0,0,0,1,0,1,Mystic
268,7,4,12,2,12,0,0,2,0,0,4,2,4,10,1,1,1,3,4,1,3,Instinct
269,5,4,10,0,9,0,0,0,0,0,0,2,3,7,0,0,0,2,4,0,1,Instinct
270,3,2,6,4,6,0,2,0,0,0,0,0,0,6,3,1,1,2,2,1,1,Valor
271,2,0,3,0,4,0,0,0,0,0,0,0,3,1,0,0,0,0,1,0,1,Valor
272,4,1,6,2,8,0,0,2,2,1,0,0,2,6,1,1,1,2,3,1,1,Valor
273,6,1,8,2,9,2,0,2,2,1,2,0,6,6,1,1,1,2,4,1,2,Valor
274,2,0,3,0,4,0,0,0,0,0,0,0,3,1,0,0,0,0,1,0,1,Valor
275,2,1,4,0,4,0,0,0,2,1,0,0,2,2,0,0,0,0,1,0,1,Mystic
276,4,1,6,2,7,0,2,2,2,1,2,0,2,6,1,1,1,2,3,1,1,Valor
277,3,0,4,0,5,0,0,0,0,0,2,0,3,3,0,0,0,1,1,0,2,Valor
278,6,2,9,0,10,0,0,0,0,1,2,0,4,8,0,0,0,2,4,0,2,Mystic
279,5,6,12,4,9,0,0,2,2,1,2,0,2,8,3,1,1,3,3,1,2,Instinct
280,4,0,5,0,8,0,0,0,0,0,0,0,3,5,0,0,0,2,2,0,2,Valor
281,3,0,4,0,5,0,0,0,0,0,0,2,3,3,0,0,0,0,1,0,2,Valor
282,2,0,3,0,4,0,0,0,0,0,0,0,3,1,0,0,0,0,1,0,1,Valor
283,2,0,3,0,4,0,0,0,0,0,0,0,3,1,0,0,0,0,1,0,1,Valor
284,2,1,4,2,4,0,2,0,2,1,0,0,2,2,1,1,0,1,1,1,1,Valor
285,3,3,7,0,5,0,0,0,2,0,2,0,2,4,0,0,0,1,3,0,0,Mystic
286,7,6,14,2,12,0,2,0,2,1,0,0,4,10,0,2,0,4,3,1,4,Instinct
287,7,6,14,2,12,0,0,2,2,1,2,2,4,10,0,2,1,4,3,0,4,Instinct
288,6,6,13,0,8,0,0,0,2,1,0,0,4,8,0,0,0,1,3,0,3,Instinct
289,10,6,17,4,16,0,0,0,2,1,2,2,5,15,2,2,2,4,5,1,5,Instinct
290,4,0,5,0,7,0,0,0,0,0,2,0,3,5,0,0,0,2,2,0,2,Valor
291,6,6,13,2,9,0,0,2,2,1,2,2,4,8,1,1,1,2,3,1,3,Instinct
292,1,0,2,0,2,0,0,0,0,0,0,0,1,1,0,0,0,0,0,0,1,Valor
293,5,6,12,0,7,0,0,0,2,1,0,0,2,8,0,0,0,1,3,0,2,Instinct
294,9,6,16,2,14,0,0,0,2,1,4,2,4,14,1,1,1,4,4,1,5,Instinct
295,4,0,5,0,7,0,0,0,0,0,2,0,3,5,0,0,0,2,2,0,2,Valor
296,4,3,8,0,8,0,0,0,2,0,0,0,3,5,0,0,0,2,3,0,1,Mystic
297,2,3,6,0,4,0,0,0,2,0,0,0,0,4,0,0,0,0,2,0,0,Mystic
298,1,0,2,0,2,0,0,0,0,0,0,0,1,1,0,0,0,0,0,0,1,Valor
299,4,6,11,4,8,0,2,2,2,1,0,0,1,7,3,1,2,2,3,1,1,Instinct
300,1,1,3,0,2,0,0,0,2,1,0,0,2,0,0,0,0,0,1,0,0,Mystic
301,4,1,6,0,6,2,0,0,2,1,0,0,2,6,0,0,0,0,3,0,1,Mystic
302,3,1,5,2,6,0,2,2,2,1,0,0,2,4,1,1,1,1,2,1,1,Valor
303,2,4,7,0,4,0,0,0,2,0,0,0,2,2,0,0,0,1,2,0,0,Mystic
304,5,0,6,0,8,0,0,0,0,0,0,2,3,7,0,0,0,1,3,0,2,Valor
305,2,0,3,0,3,0,0,0,0,0,0,0,3,1,0,0,0,0,1,0,1,Valor
306,2,0,3,0,4,0,0,0,0,0,0,0,3,1,0,0,0,0,1,0,1,Valor
307,5,1,7,2,8,2,2,0,2,1,0,2,4,6,1,1,0,2,4,1,1,Valor
308,1,0,2,0,2,0,0,0,0,0,0,0,1,1,0,0,0,0,0,0,1,Mystic
309,3,0,4,0,4,0,0,0,0,0,0,0,3,3,0,0,0,0,1,0,2,Mystic
310,6,6,13,8,8,0,0,0,2,1,2,0,4,8,5,3,3,1,3,2,3,Instinct
311,1,0,2,0,2,0,0,0,0,0,0,0,1,1,0,0,0,0,0,0,1,Valor
312,6,6,13,0,10,0,0,0,2,1,2,0,4,8,0,0,0,2,3,0,3,Instinct
313,2,0,3,0,4,0,0,0,0,0,0,0,3,1,0,0,0,0,1,0,1,Valor
314,2,0,3,0,4,0,0,0,0,0,0,0,3,1,0,0,0,0,1,0,1,Valor
315,3,0,4,0,4,0,0,0,0,0,0,0,3,3,0,0,0,0,1,0,2,Valor
316,5,6,12,2,10,0,2,0,2,1,0,0,2,8,0,2,1,4,3,1,2,Instinct
317,2,1,4,0,4,0,0,0,2,1,0,0,2,2,0,0,0,0,1,0,1,Mystic
318,3,2,6,0,4,0,0,0,0,0,0,0,0,6,0,0,0,0,2,0,1,Mystic
319,2,3,6,0,4,0,0,0,2,0,0,0,0,4,0,0,0,0,2,0,0,Mystic
320,4,5,10,2,8,0,2,2,0,0,0,0,4,4,0,2,1,3,2,0,2,Instinct
321,4,3,8,2,7,0,2,0,0,0,0,0,4,4,1,1,0,2,2,0,2,Instinct
322,11,6,18,6,13,0,0,0,0,0,0,2,7,15,1,5,3,1,6,2,5,Instinct
323,2,0,3,0,3,0,0,0,0,0,0,0,3,1,0,0,0,0,1,0,1,Mystic
324,2,0,3,0,3,0,0,0,0,0,0,0,3,1,0,0,0,0,1,0,1,Valor
325,6,3,10,4,10,0,0,4,0,0,4,0,6,6,1,3,2,3,3,0,3,Instinct
326,3,0,4,0,6,0,0,0,0,0,0,0,3,3,0,0,0,1,1,0,2,Valor
327,1,0,2,0,2,0,0,0,0,0,0,0,1,1,0,0,0,0,0,0,1,Mystic
328,2,0,3,0,4,0,0,0,0,0,0,0,3,1,0,0,0,0,1,0,1,Valor
329,4,0,5,0,5,0,0,0,0,0,0,0,3,5,0,0,0,0,2,0,2,Mystic
330,5,5,11,2,9,0,0,0,0,0,0,0,4,6,0,2,0,3,2,1,3,Instinct
331,1,1,3,0,2,0,0,0,0,0,0,0,1,1,0,0,0,0,0,0,1,Mystic
332,6,0,7,0,8,0,0,0,0,0,2,2,5,7,0,0,0,1,4,0,2,Valor
333,1,0,2,0,2,0,0,0,0,0,0,0,1,1,0,0,0,0,0,0,1,Valor
334,2,6,9,2,4,0,2,0,0,0,0,0,3,1,0,2,1,1,1,1,1,Instinct
335,8,4,13,2,14,0,0,0,0,0,2,2,7,9,1,1,1,5,5,1,3,Instinct
336,2,2,5,0,4,0,0,0,0,0,0,0,3,1,0,0,0,1,1,0,1,Instinct
337,5,1,7,0,7,0,0,0,0,0,2,0,3,7,0,0,0,1,3,0,2,Mystic
338,1,0,2,0,2,0,0,0,0,0,0,0,1,1,0,0,0,0,0,0,1,Mystic
339,5,6,12,0,8,0,0,0,0,0,2,0,4,6,0,0,0,1,2,0,3,Instinct
340,2,0,3,0,4,0,0,0,0,0,0,0,3,1,0,0,0,0,1,0,1,Mystic
341,1,0,2,0,2,0,0,0,0,0,0,0,1,1,0,0,0,0,0,0,1,Mystic
342,1,0,2,0,2,0,0,0,0,0,0,0,1,1,0,0,0,0,0,0,1,Mystic
343,1,0,2,0,2,0,0,0,0,0,0,0,1,1,0,0,0,0,0,0,1,Valor
344,1,0,2,0,2,0,0,0,0,0,0,0,1,1,0,0,0,0,0,0,1,Mystic
345,6,5,12,0,12,0,0,0,0,0,0,0,6,6,0,0,0,5,3,0,3,Instinct
346,1,0,2,0,2,0,0,0,0,0,0,0,1,1,0,0,0,0,0,0,1,Mystic
347,7,6,14,2,10,0,0,0,0,0,2,0,6,8,0,2,1,2,4,1,3,Instinct
348,2,1,4,0,4,0,0,0,0,0,0,0,3,1,0,0,0,0,1,0,1,Mystic
349,1,0,2,0,2,0,0,0,0,0,0,0,1,1,0,0,0,0,0,0,1,Mystic
350,3,6,10,2,6,0,0,0,0,0,0,0,4,2,0,2,0,2,1,0,2,Instinct
351,9,6,16,4,11,0,0,0,0,0,2,0,6,12,1,3,1,1,6,2,3,Instinct
352,4,6,11,4,8,0,4,0,0,0,0,0,4,4,1,3,1,3,2,1,2,Instinct
353,1,0,2,0,2,0,0,0,0,0,0,0,1,1,0,0,0,0,0,0,1,Mystic
354,3,5,9,2,6,0,2,0,0,0,0,0,4,2,0,2,1,2,1,0,2,Instinct
355,1,0,2,0,2,0,0,0,0,0,0,0,1,1,0,0,0,0,0,0,1,Mystic
356,5,1,7,0,7,0,0,0,0,0,2,0,3,7,0,0,0,1,3,0,2,Mystic
357,6,6,13,2,11,0,0,2,0,0,0,0,6,6,2,0,1,3,3,1,3,Instinct
358,6,6,13,2,9,0,0,0,0,0,4,0,6,6,0,2,1,2,3,0,3,Instinct
359,3,0,4,0,5,0,0,0,0,0,0,2,3,3,0,0,0,0,1,0,2,Valor
360,3,0,4,0,5,0,0,0,0,0,0,2,3,3,0,0,0,0,1,0,2,Valor
361,7,6,14,4,11,0,0,0,2,1,2,2,4,10,2,2,0,3,3,1,4,Instinct
362,3,0,4,0,5,0,0,0,0,0,0,2,3,3,0,0,0,0,1,0,2,Valor
363,1,0,2,0,2,0,0,0,0,0,0,0,1,1,0,0,0,0,0,0,1,Valor
364,9,6,16,2,13,0,0,0,2,1,4,2,4,14,2,0,1,3,4,0,5,Instinct
365,7,6,14,2,9,0,0,0,2,1,0,0,4,10,0,2,1,1,3,1,4,Instinct
366,1,0,2,0,2,0,0,0,0,0,0,0,1,1,0,0,0,0,0,0,1,Valor
367,9,6,16,2,15,0,0,2,2,1,2,2,4,14,2,0,1,5,4,0,5,Instinct
368,2,0,3,0,4,0,0,0,0,0,0,0,3,1,0,0,0,0,1,0,1,Valor
369,2,1,4,2,3,2,0,0,2,1,0,0,2,2,1,1,0,0,1,1,1,Valor
370,3,1,5,2,5,2,0,2,2,1,0,0,2,4,1,1,1,0,2,1,1,Valor
371,2,2,5,0,4,0,0,0,0,0,0,0,0,4,0,0,0,0,1,0,1,Mystic
372,1,0,2,0,2,0,0,0,0,0,0,0,1,1,0,0,0,0,0,0,1,Mystic
373,2,2,5,0,4,0,0,0,0,0,0,0,0,4,0,0,0,1,1,0,1,Mystic
374,7,6,14,4,11,0,0,2,2,1,2,0,4,10,1,3,2,3,3,2,4,Instinct
375,2,2,5,0,4,0,0,0,0,0,0,0,0,4,0,0,0,1,1,0,1,Mystic
376,2,0,3,0,4,0,0,0,0,0,0,0,3,1,0,0,0,0,1,0,1,Valor
377,4,0,5,0,6,0,0,0,0,0,2,0,3,5,0,0,0,1,2,0,2,Valor
378,4,4,9,0,6,0,0,0,0,0,2,0,3,5,0,0,0,1,3,0,1,Mystic
379,2,1,4,2,4,0,2,0,2,1,0,0,2,2,1,1,0,1,1,1,1,Valor
380,2,1,4,0,4,0,0,0,2,1,0,0,2,2,0,0,0,0,1,0,1,Mystic
381,1,0,2,0,2,0,0,0,0,0,0,0,1,1,0,0,0,0,0,0,1,Valor
382,4,6,11,4,8,0,2,2,2,1,0,0,1,7,1,3,2,3,3,2,1,Instinct
383,2,2,5,4,3,0,0,0,0,0,0,0,0,4,3,1,1,0,1,1,1,Valor
384,9,6,16,0,11,0,0,0,2,1,2,0,4,14,0,0,0,1,4,0,5,Instinct
385,5,0,6,0,7,0,0,0,0,0,2,2,3,7,0,0,0,1,3,0,2,Valor
386,6,6,13,6,10,0,2,4,2,1,0,0,4,8,2,4,3,3,3,2,3,Instinct
387,2,0,3,0,3,0,0,0,0,0,0,0,3,1,0,0,0,0,1,0,1,Mystic
388,2,3,6,0,4,0,0,0,2,0,0,0,0,4,0,0,0,0,2,0,0,Mystic
389,1,0,2,0,2,0,0,0,0,0,0,0,1,1,0,0,0,0,0,0,1,Mystic
390,5,6,12,6,9,0,2,4,2,1,0,0,2,8,3,3,2,3,3,2,2,Instinct
391,4,1,6,2,6,0,0,2,2,1,2,0,2,6,1,1,1,1,3,1,1,Valor
392,3,2,6,0,6,0,0,0,0,0,0,0,0,6,0,0,0,1,2,0,1,Mystic
393,2,0,3,0,3,0,0,0,0,0,0,0,3,1,0,0,0,0,1,0,1,Mystic
394,5,6,12,8,8,0,0,2,2,1,2,0,2,8,4,4,3,2,3,2,2,Instinct
395,5,6,12,2,9,0,0,2,2,1,0,0,2,8,0,2,1,2,3,1,2,Instinct
396,1,0,2,0,2,0,0,0,0,0,0,0,1,1,0,0,0,0,0,0,1,Mystic
397,3,1,5,2,6,0,0,2,2,1,0,0,2,4,1,1,1,1,2,1,1,Valor
398,1,1,3,2,2,0,0,0,2,1,0,0,2,0,1,1,0,0,1,1,0,Valor
399,2,0,3,0,4,0,0,0,0,0,0,0,3,1,0,0,0,0,1,0,1,Valor
400,4,6,11,0,6,0,0,0,2,1,0,0,1,7,0,0,0,1,3,0,1,Instinct
401,3,1,5,0,5,2,0,0,2,1,0,0,2,4,0,0,0,0,2,0,1,Mystic
402,14,6,21,0,19,0,0,0,2,1,2,2,7,21,0,0,0,4,8,0,6,Instinct
403,2,1,4,2,4,0,0,2,2,1,0,0,2,2,1,1,1,0,1,1,1,Valor
404,6,6,13,2,7,0,0,0,2,1,0,0,4,8,1,1,1,0,3,1,3,Instinct
405,1,1,3,0,2,0,0,0,2,1,0,0,2,0,0,0,0,0,1,0,0,Mystic
406,8,6,15,0,13,0,0,0,2,1,4,2,4,12,0,0,0,4,4,0,4,Instinct
407,2,1,4,0,3,2,0,0,2,1,0,0,2,2,0,0,0,0,1,0,1,Mystic
408,7,6,14,0,9,0,0,0,2,1,0,0,4,10,0,0,0,0,3,0,4,Instinct
409,5,6,12,2,9,0,2,0,2,1,0,0,2,8,2,0,0,3,3,0,2,Instinct
410,5,6,12,2,10,0,2,0,2,1,0,0,2,8,2,0,0,4,3,0,2,Instinct
411,2,0,3,0,3,0,0,0,0,0,0,0,3,1,0,0,0,0,1,0,1,Valor
412,3,2,6,0,5,0,0,0,0,0,0,2,0,6,0,0,0,1,2,0,1,Mystic
413,3,0,4,0,4,0,0,0,0,0,0,0,3,3,0,0,0,0,1,0,2,Valor
414,1,0,2,0,2,0,0,0,0,0,0,0,1,1,0,0,0,0,0,0,1,Mystic
415,1,0,2,0,2,0,0,0,0,0,0,0,1,1,0,0,0,0,0,0,1,Mystic
416,3,0,4,0,6,0,0,0,0,0,0,0,3,3,0,0,0,1,1,0,2,Valor
417,10,6,17,2,14,0,0,0,2,1,4,0,5,15,2,0,1,3,5,0,5,Instinct
418,2,0,3,0,3,0,0,0,0,0,0,0,3,1,0,0,0,0,1,0,1,Valor
419,2,0,3,0,4,0,0,0,0,0,0,0,3,1,0,0,0,0,1,0,1,Valor
420,9,6,16,2,12,0,0,0,2,1,2,2,4,14,0,2,1,1,4,1,5,Instinct
421,1,0,2,0,2,0,0,0,0,0,0,0,1,1,0,0,0,0,0,0,1,Valor
422,9,6,16,4,13,0,0,2,2,1,4,0,4,14,2,2,2,2,4,1,5,Instinct
423,1,0,2,0,2,0,0,0,0,0,0,0,1,1,0,0,0,0,0,0,1,Mystic
424,1,0,2,0,2,0,0,0,0,0,0,0,1,1,0,0,0,0,0,0,1,Mystic
425,2,1,4,0,4,0,0,0,2,1,0,0,2,2,0,0,0,0,1,0,1,Mystic
426,8,6,15,2,11,0,0,0,2,1,2,2,4,12,0,2,1,2,4,1,4,Instinct
427,2,0,3,0,3,0,0,0,0,0,0,0,3,1,0,0,0,0,1,0,1,Mystic
428,3,0,4,0,4,0,0,0,0,0,0,0,3,3,0,0,0,0,1,0,2,Mystic
429,2,2,5,0,4,0,0,0,0,0,0,0,0,4,0,0,0,1,1,0,1,Mystic
430,10,6,17,8,15,0,2,4,2,1,4,0,5,15,3,5,3,4,5,2,5,Instinct
431,1,0,2,0,2,0,0,0,0,0,0,0,1,1,0,0,0,0,0,0,1,Mystic
432,2,0,3,0,4,0,0,0,0,0,0,0,3,1,0,0,0,0,1,0,1,Valor
433,2,1,4,0,3,2,0,0,2,1,0,0,2,2,0,0,0,0,1,0,1,Mystic
434,1,0,2,0,2,0,0,0,0,0,0,0,1,1,0,0,0,0,0,0,1,Valor
435,2,0,3,0,4,0,0,0,0,0,0,0,3,1,0,0,0,0,1,0,1,Valor
436,2,0,3,0,4,0,0,0,0,0,0,0,3,1,0,0,0,0,1,0,1,Mystic
437,2,2,5,0,4,0,0,0,0,0,0,0,0,4,0,0,0,0,1,0,1,Mystic
438,3,0,4,0,4,0,0,0,0,0,0,0,3,3,0,0,0,0,1,0,2,Mystic
439,4,6,11,0,6,0,0,0,2,1,0,0,1,7,0,0,0,1,3,0,1,Instinct
440,1,0,2,0,2,0,0,0,0,0,0,0,1,1,0,0,0,0,0,0,1,Mystic
441,1,0,2,0,2,0,0,0,0,0,0,0,1,1,0,0,0,0,0,0,1,Valor
442,1,0,2,0,2,0,0,0,0,0,0,0,1,1,0,0,0,0,0,0,1,Valor
443,1,2,4,0,2,0,0,0,0,0,0,0,1,1,0,0,0,0,0,0,1,Mystic
444,2,1,4,0,4,0,0,0,0,0,0,0,3,1,0,0,0,0,1,0,1,Mystic
445,1,1,3,0,2,0,0,0,0,0,0,0,1,1,0,0,0,0,0,0,1,Mystic
446,4,6,11,4,7,0,0,2,0,0,2,0,4,4,2,2,2,2,2,1,2,Instinct
447,5,6,12,4,9,0,0,2,0,0,0,2,4,6,3,1,2,2,2,1,3,Instinct
448,2,0,3,0,3,0,0,0,0,0,0,0,3,1,0,0,0,0,1,0,1,Valor
449,2,0,3,0,3,0,0,0,0,0,0,0,3,1,0,0,0,0,1,0,1,Valor
450,6,4,11,0,9,0,0,0,0,0,0,0,3,9,0,0,0,2,4,0,2,Mystic
451,5,0,6,0,8,0,0,0,0,0,2,2,3,7,0,0,0,2,3,0,2,Valor
452,1,1,3,0,2,0,0,0,2,1,0,0,2,0,0,0,0,0,1,0,0,Mystic
453,5,1,7,2,8,0,0,2,2,1,4,0,4,6,1,1,1,2,4,1,1,Valor
454,2,0,3,0,4,0,0,0,0,0,0,0,3,1,0,0,0,0,1,0,1,Valor
455,2,1,4,0,4,0,0,0,2,1,0,0,2,2,0,0,0,1,1,0,1,Mystic
456,1,0,2,0,2,0,0,0,0,0,0,0,1,1,0,0,0,0,0,0,1,Valor
457,6,6,13,0,8,0,0,0,2,1,2,0,4,8,0,0,0,1,3,0,3,Instinct
458,2,3,6,0,4,0,0,0,2,0,0,0,0,4,0,0,0,0,2,0,0,Mystic
459,2,2,5,0,4,0,0,0,0,0,0,0,0,4,0,0,0,0,1,0,1,Mystic
460,1,1,3,2,2,0,0,0,2,1,0,0,2,0,1,1,0,0,1,1,0,Valor
461,2,0,3,0,4,0,0,0,0,0,0,0,3,1,0,0,0,0,1,0,1,Valor
462,1,0,2,0,2,0,0,0,0,0,0,0,1,1,0,0,0,0,0,0,1,Valor
463,2,0,3,0,4,0,0,0,0,0,0,0,3,1,0,0,0,0,1,0,1,Valor
464,7,5,13,2,12,2,0,2,2,1,2,2,6,8,2,0,1,3,4,0,3,Instinct
465,1,0,2,0,2,0,0,0,0,0,0,0,1,1,0,0,0,0,0,0,1,Valor
466,7,6,14,0,10,0,0,0,2,1,2,2,4,10,0,0,0,2,3,0,4,Instinct
467,8,6,15,2,12,0,0,0,2,1,4,0,4,12,0,2,1,3,4,1,4,Instinct
468,5,6,12,4,10,0,2,0,2,1,0,0,2,8,1,3,2,3,3,1,2,Instinct
469,3,0,4,0,4,0,0,0,0,0,0,0,3,3,0,0,0,0,1,0,2,Mystic
470,4,4,9,0,6,0,0,0,0,0,0,0,3,5,0,0,0,1,3,0,1,Instinct
471,2,1,4,0,4,0,0,0,2,1,0,0,2,2,0,0,0,0,1,0,1,Mystic
472,1,0,2,0,2,0,0,0,0,0,0,0,1,1,0,0,0,0,0,0,1,Mystic
473,6,4,11,0,9,0,0,0,0,0,2,0,3,9,0,0,0,2,4,0,2,Instinct
474,9,6,16,6,12,0,0,4,2,1,2,0,4,14,3,3,3,2,4,1,5,Instinct
475,7,5,13,4,11,0,2,2,2,1,2,2,6,8,1,3,1,3,4,1,3,Instinct
476,1,0,2,0,2,0,0,0,0,0,0,0,1,1,0,0,0,0,0,0,1,Mystic
477,1,0,2,0,2,0,0,0,0,0,0,0,1,1,0,0,0,0,0,0,1,Valor
478,5,6,12,0,9,0,0,0,2,1,0,2,2,8,0,0,0,3,3,0,2,Instinct
479,4,3,8,2,8,0,2,0,2,0,0,0,3,5,1,1,0,3,3,1,1,Instinct
480,3,6,10,0,5,0,0,0,2,1,0,0,1,5,0,0,0,1,3,0,0,Instinct
481,2,0,3,0,3,0,0,0,0,0,0,0,3,1,0,0,0,0,1,0,1,Valor
482,2,0,3,0,3,0,0,0,0,0,0,0,3,1,0,0,0,0,1,0,1,Mystic
483,1,0,2,0,2,0,0,0,0,0,0,0,1,1,0,0,0,0,0,0,1,Mystic
484,7,6,14,2,10,0,0,0,2,1,0,0,4,10,0,2,1,2,3,0,4,Instinct
485,6,3,10,2,11,0,0,2,2,0,2,2,3,9,1,1,1,3,5,1,1,Instinct
486,2,0,3,0,3,0,0,0,0,0,0,0,3,1,0,0,0,0,1,0,1,Valor
487,1,1,3,0,2,0,0,0,2,1,0,0,2,0,0,0,0,0,1,0,0,Mystic
488,3,0,4,0,5,0,0,0,0,0,0,2,3,3,0,0,0,0,1,0,2,Valor
489,3,4,8,2,6,0,0,2,0,0,0,0,3,3,1,1,1,2,2,1,1,Instinct
490,1,0,2,0,2,0,0,0,0,0,0,0,1,1,0,0,0,0,0,0,1,Valor
491,2,0,3,0,4,0,0,0,0,0,0,0,3,1,0,0,0,0,1,0,1,Mystic
492,2,0,3,0,3,0,0,0,0,0,0,0,3,1,0,0,0,0,1,0,1,Mystic
493,3,0,4,0,4,0,0,0,0,0,0,0,3,3,0,0,0,0,1,0,2,Valor
494,1,0,2,0,2,0,0,0,0,0,0,0,1,1,0,0,0,0,0,0,1,Valor
495,1,0,2,0,2,0,0,0,0,0,0,0,1,1,0,0,0,0,0,0,1,Valor
496,8,6,15,4,11,0,0,2,2,1,2,0,4,12,0,4,2,2,4,2,4,Instinct
497,8,5,14,0,11,0,0,0,2,1,4,0,6,10,0,0,0,2,4,0,4,Instinct
498,8,6,15,0,10,0,0,0,2,1,2,0,4,12,0,0,0,1,4,0,4,Instinct
499,2,0,3,0,3,0,0,0,0,0,0,0,3,1,0,0,0,0,1,0,1,Valor
500,3,2,6,4,6,0,4,2,0,0,0,0,0,6,3,1,1,2,2,1,1,Valor
501,5,6,12,4,8,0,2,0,2,1,2,0,2,8,2,2,2,2,3,1,2,Instinct
502,2,0,3,0,4,0,0,0,0,0,0,0,3,1,0,0,0,0,1,0,1,Mystic
503,7,6,14,2,10,0,0,2,2,1,0,0,4,10,2,0,1,2,3,0,4,Instinct
504,6,2,9,4,10,0,2,2,0,1,0,2,4,8,3,1,2,2,4,1,2,Valor
505,2,1,4,2,4,0,2,0,2,1,0,0,2,2,1,1,0,1,1,1,1,Valor
506,4,4,9,0,7,0,0,0,0,0,2,0,3,5,0,0,0,2,3,0,1,Mystic
507,10,0,11,0,15,0,0,0,0,0,4,6,7,13,0,0,0,3,6,0,4,Valor
508,2,1,4,0,3,0,0,0,2,1,0,0,2,2,0,0,0,0,1,0,1,Mystic
509,2,3,6,0,4,0,0,0,2,0,0,0,0,4,0,0,0,1,2,0,0,Mystic
510,2,1,4,0,4,0,0,0,2,1,0,0,2,2,0,0,0,1,1,0,1,Mystic
511,4,0,5,0,6,0,0,0,0,0,2,2,3,5,0,0,0,1,2,0,2,Valor
512,11,6,18,0,15,0,0,0,2,1,4,4,7,15,0,0,0,3,6,0,5,Instinct
513,3,1,5,0,6,0,0,0,2,1,0,0,2,4,0,0,0,2,2,0,1,Mystic
514,1,0,2,0,2,0,0,0,0,0,0,0,1,1,0,0,0,0,0,0,1,Mystic
515,2,1,4,0,4,0,0,0,2,1,0,0,2,2,0,0,0,0,1,0,1,Mystic
516,3,1,5,0,6,0,0,0,2,1,0,0,2,4,0,0,0,2,2,0,1,Mystic
517,5,0,6,0,7,0,0,0,0,0,2,2,3,7,0,0,0,1,3,0,2,Valor
518,2,1,4,0,4,0,0,0,2,1,0,0,2,2,0,0,0,1,1,0,1,Mystic
519,1,1,3,0,2,0,0,0,2,1,0,0,2,0,0,0,0,0,1,0,0,Mystic
520,2,0,3,0,4,0,0,0,0,0,0,0,3,1,0,0,0,0,1,0,1,Valor
521,10,6,17,2,12,0,0,0,2,1,0,0,5,15,2,0,0,1,5,0,5,Instinct
522,4,3,8,0,6,0,0,0,2,0,0,0,3,5,0,0,0,1,3,0,1,Mystic
523,2,2,5,0,3,0,0,0,0,0,0,0,0,4,0,0,0,0,1,0,1,Mystic
524,2,2,5,0,4,0,0,0,0,0,0,0,0,4,0,0,0,1,1,0,1,Mystic
525,9,6,16,2,13,0,0,0,2,1,2,2,4,14,0,2,1,3,4,1,5,Instinct
526,1,0,2,0,2,0,0,0,0,0,0,0,1,1,0,0,0,0,0,0,1,Mystic
527,1,0,2,0,2,0,0,0,0,0,0,0,1,1,0,0,0,0,0,0,1,Mystic
528,8,6,15,2,15,0,0,2,2,1,2,0,4,12,0,2,1,6,4,1,4,Instinct
529,4,0,5,0,6,0,0,0,0,0,2,2,3,5,0,0,0,1,2,0,2,Valor
530,2,2,5,0,4,0,0,0,0,0,0,0,0,4,0,0,0,0,1,0,1,Mystic
531,2,2,5,4,4,0,0,2,0,0,0,0,0,4,3,1,2,0,1,1,1,Valor
532,3,3,7,0,5,0,0,0,2,0,2,0,2,4,0,0,0,1,3,0,0,Mystic
533,6,2,9,0,8,0,0,0,0,1,2,0,4,8,0,0,0,1,4,0,2,Mystic
534,11,6,18,4,15,0,2,4,2,1,2,0,7,15,3,1,2,3,6,1,5,Instinct
535,4,0,5,0,8,0,0,0,0,0,0,0,3,5,0,0,0,2,2,0,2,Valor
536,4,2,7,0,7,0,0,0,0,0,2,0,2,6,0,0,0,2,3,0,1,Mystic
537,4,2,7,0,6,0,0,0,0,0,2,0,2,6,0,0,0,1,3,0,1,Mystic
538,3,3,7,0,6,0,0,0,2,0,0,0,2,4,0,0,0,1,3,0,0,Mystic
539,5,6,12,0,7,0,0,0,2,1,0,0,2,8,0,0,0,1,3,0,2,Instinct
540,4,6,11,4,7,0,4,0,0,0,0,0,4,4,2,2,2,2,2,0,2,Instinct
541,2,0,3,0,3,0,0,0,0,0,0,0,3,1,0,0,0,0,1,0,1,Mystic
542,3,5,9,0,6,0,0,0,0,0,0,0,4,2,0,0,0,1,1,0,2,Instinct
543,1,0,2,0,2,0,0,0,0,0,0,0,1,1,0,0,0,0,0,0,1,Mystic
544,9,5,15,2,14,0,2,2,0,0,0,0,6,12,0,2,1,4,6,1,3,Instinct
545,7,6,14,0,9,0,0,0,0,0,2,0,6,8,0,0,0,1,4,0,3,Instinct
546,3,0,4,0,4,0,0,0,0,0,0,0,3,3,0,0,0,0,1,0,2,Mystic
547,5,5,11,6,8,0,2,2,0,0,0,0,4,6,1,5,2,1,2,1,3,Instinct
548,1,0,2,0,2,0,0,0,0,0,0,0,1,1,0,0,0,0,0,0,1,Mystic
549,1,1,3,2,2,0,0,0,0,0,0,0,1,1,2,0,0,0,0,0,1,Valor
550,1,0,2,0,2,0,0,0,0,0,0,0,1,1,0,0,0,0,0,0,1,Mystic
551,3,0,4,0,4,0,0,0,0,0,0,0,3,3,0,0,0,0,1,0,2,Mystic
552,8,6,15,6,12,0,4,2,0,0,0,0,6,10,2,4,2,3,5,2,3,Instinct
553,11,5,17,0,15,0,0,0,0,0,6,2,7,15,0,0,0,3,6,0,5,Instinct
554,1,0,2,0,2,0,0,0,0,0,0,0,1,1,0,0,0,0,0,0,1,Valor
555,2,0,3,0,3,0,0,0,0,0,0,0,3,1,0,0,0,0,1,0,1,Valor
556,3,6,10,4,5,0,2,0,0,0,0,0,4,2,0,4,2,1,1,0,2,Instinct
557,1,0,2,0,2,0,0,0,0,0,0,0,1,1,0,0,0,0,0,0,1,Mystic
558,3,0,4,0,6,0,0,0,0,0,0,0,3,3,0,0,0,1,1,0,2,Valor
559,6,5,12,0,10,0,0,0,0,0,4,0,6,6,0,0,0,3,3,0,3,Instinct
560,2,0,3,0,4,0,0,0,0,0,0,0,3,1,0,0,0,0,1,0,1,Valor
561,1,0,2,0,2,0,0,0,0,0,0,0,1,1,0,0,0,0,0,0,1,Mystic
562,6,6,13,4,9,0,2,2,0,0,0,0,6,6,2,2,1,2,3,1,3,Instinct
563,3,0,4,0,6,0,0,0,0,0,0,0,3,3,0,0,0,1,1,0,2,Mystic
564,1,0,2,0,2,0,0,0,0,0,0,0,1,1,0,0,0,0,0,0,1,Mystic
565,2,0,3,0,3,0,0,0,0,0,0,0,3,1,0,0,0,0,1,0,1,Valor
566,8,6,15,0,10,0,0,0,0,0,2,0,6,10,0,0,0,1,5,0,3,Instinct
567,1,0,2,0,2,0,0,0,0,0,0,0,1,1,0,0,0,0,0,0,1,Mystic
568,2,0,3,0,4,0,0,0,0,0,0,0,3,1,0,0,0,0,1,0,1,Mystic
569,1,1,3,0,2,0,0,0,0,0,0,0,1,1,0,0,0,0,0,0,1,Mystic
570,1,0,2,0,2,0,0,0,0,0,0,0,1,1,0,0,0,0,0,0,1,Valor
571,7,6,14,6,12,0,2,0,0,0,4,2,6,8,2,4,2,4,4,3,3,Instinct
572,2,0,3,0,3,0,0,0,0,0,0,0,3,1,0,0,0,0,1,0,1,Valor
573,7,6,14,6,10,0,2,0,0,0,0,2,6,8,1,5,1,2,4,2,3,Instinct
574,5,3,9,0,10,0,0,0,0,0,0,0,4,6,0,0,0,3,2,0,3,Instinct
575,1,0,2,0,2,0,0,0,0,0,0,0,1,1,0,0,0,0,0,0,1,Valor
576,5,6,12,2,8,0,0,0,0,0,2,0,4,6,0,2,1,1,2,1,3,Instinct
577,1,0,2,0,2,0,0,0,0,0,0,0,1,1,0,0,0,0,0,0,1,Mystic
578,3,0,4,0,5,0,0,0,0,0,0,2,3,3,0,0,0,0,1,0,2,Valor
579,4,6,11,2,7,0,2,0,0,0,0,0,4,4,0,2,1,2,2,0,2,Instinct
580,1,0,2,0,2,0,0,0,0,0,0,0,1,1,0,0,0,0,0,0,1,Mystic
581,1,0,2,0,2,0,0,0,0,0,0,0,1,1,0,0,0,0,0,0,1,Mystic
582,3,1,5,0,5,0,0,0,2,1,2,0,2,4,0,0,0,1,2,0,1,Mystic
583,3,1,5,0,5,0,0,0,2,1,2,0,2,4,0,0,0,1,2,0,1,Mystic
584,3,0,4,0,6,0,0,0,0,0,0,0,3,3,0,0,0,1,1,0,2,Valor
585,5,6,12,4,6,0,0,0,2,1,0,0,2,8,2,2,2,0,3,1,2,Instinct
586,8,6,15,2,12,0,2,0,2,1,0,0,4,12,2,0,0,3,4,0,4,Instinct
587,4,0,5,0,5,0,0,0,0,0,0,0,3,5,0,0,0,0,2,0,2,Mystic
588,1,0,2,0,2,0,0,0,0,0,0,0,1,1,0,0,0,0,0,0,1,Valor
589,2,0,3,0,3,0,0,0,0,0,0,0,3,1,0,0,0,0,1,0,1,Valor
590,1,1,3,2,2,0,0,0,2,1,0,0,2,0,1,1,0,0,1,1,0,Valor
591,1,0,2,0,2,0,0,0,0,0,0,0,1,1,0,0,0,0,0,0,1,Valor
592,2,0,3,0,3,0,0,0,0,0,0,0,3,1,0,0,0,0,1,0,1,Valor
593,6,6,13,6,8,0,0,0,2,1,2,0,4,8,4,2,3,1,3,1,3,Instinct
594,1,0,2,0,2,0,0,0,0,0,0,0,1,1,0,0,0,0,0,0,1,Valor
595,1,0,2,0,2,0,0,0,0,0,0,0,1,1,0,0,0,0,0,0,1,Valor
596,1,1,3,0,2,0,0,0,2,1,0,0,2,0,0,0,0,0,1,0,0,Mystic
597,8,6,15,0,15,0,0,0,2,1,2,0,4,12,0,0,0,6,4,0,4,Instinct
598,9,6,16,2,12,0,2,2,2,1,2,0,4,14,0,2,1,2,4,0,5,Instinct
599,11,6,18,2,16,0,0,0,2,1,6,2,7,15,2,0,1,4,6,0,5,Instinct
600,5,0,6,0,8,0,0,0,0,0,2,2,3,7,0,0,0,2,3,0,2,Valor
601,1,0,2,0,2,0,0,0,0,0,0,0,1,1,0,0,0,0,0,0,1,Mystic
602,1,0,2,0,2,0,0,0,0,0,0,0,1,1,0,0,0,0,0,0,1,Mystic
603,7,6,14,2,10,0,0,2,0,0,4,0,6,8,0,2,1,2,4,0,3,Instinct
604,1,0,2,0,2,0,0,0,0,0,0,0,1,1,0,0,0,0,0,0,1,Mystic
605,2,0,3,0,3,0,0,0,0,0,0,0,3,1,0,0,0,0,1,0,1,Valor
606,3,0,4,0,5,0,0,0,0,0,0,2,3,3,0,0,0,0,1,0,2,Valor
607,6,6,13,4,11,0,2,2,0,0,2,0,6,6,1,3,2,4,3,1,3,Instinct
608,3,0,4,0,5,0,0,0,0,0,0,2,3,3,0,0,0,0,1,0,2,Valor
609,4,2,7,0,6,0,0,0,0,0,0,2,3,5,0,0,0,1,2,0,2,Mystic
610,2,1,4,0,4,0,0,0,0,0,0,0,3,1,0,0,0,0,1,0,1,Mystic
611,8,6,15,4,11,0,4,0,0,0,0,0,6,10,1,3,0,2,5,2,3,Instinct
612,2,0,3,0,4,0,0,0,0,0,0,0,3,1,0,0,0,0,1,0,1,Valor
613,2,0,3,0,3,0,0,0,0,0,0,0,3,1,0,0,0,0,1,0,1,Mystic
614,5,6,12,8,8,0,0,2,0,0,2,0,4,6,4,4,3,2,2,2,3,Instinct
615,1,1,3,0,2,0,0,0,0,0,0,0,1,1,0,0,0,0,0,0,1,Mystic
616,2,1,4,0,4,0,0,0,0,0,0,0,3,1,0,0,0,0,1,0,1,Mystic
617,2,0,3,0,3,0,0,0,0,0,0,0,3,1,0,0,0,0,1,0,1,Valor
618,2,2,5,0,3,0,0,0,0,0,0,0,3,1,0,0,0,0,1,0,1,Mystic
619,3,2,6,4,5,0,0,2,0,0,2,0,3,3,0,4,1,1,1,0,2,Valor
620,2,0,3,0,4,0,0,0,0,0,0,0,3,1,0,0,0,0,1,0,1,Valor
621,8,6,15,6,10,0,0,0,0,0,2,2,6,10,2,4,2,1,5,1,3,Instinct
622,5,6,12,4,8,0,4,0,0,0,0,0,4,6,2,2,1,2,2,1,3,Instinct
623,1,2,4,0,2,0,0,0,0,0,0,0,1,1,0,0,0,0,0,0,1,Mystic
624,3,0,4,0,5,0,0,0,0,0,2,0,3,3,0,0,0,1,1,0,2,Valor
625,1,1,3,2,2,0,0,0,0,0,0,0,1,1,2,0,0,0,0,0,1,Valor
626,8,6,15,2,10,0,0,0,0,0,0,0,6,10,0,2,0,1,5,0,3,Instinct
627,3,0,4,0,5,0,0,0,0,0,2,0,3,3,0,0,0,1,1,0,2,Valor
628,1,0,2,0,2,0,0,0,0,0,0,0,1,1,0,0,0,0,0,0,1,Valor
629,2,2,5,4,4,0,2,2,0,0,0,0,3,1,0,4,1,1,1,1,1,Valor
630,8,6,15,2,11,0,0,0,0,0,2,2,6,10,0,2,0,2,5,0,3,Instinct
631,8,2,11,0,11,0,0,0,0,0,2,4,7,9,0,0,0,2,5,0,3,Instinct
632,1,1,3,0,2,0,0,0,0,0,0,0,1,1,0,0,0,0,0,0,1,Mystic
633,1,0,2,0,2,0,0,0,0,0,0,0,1,1,0,0,0,0,0,0,1,Valor
634,1,0,2,0,2,0,0,0,0,0,0,0,1,1,0,0,0,0,0,0,1,Mystic
635,8,6,15,4,12,0,2,0,0,0,2,0,6,10,2,2,2,3,5,1,3,Instinct
636,2,0,3,0,4,0,0,0,0,0,0,0,3,1,0,0,0,0,1,0,1,Valor
637,2,0,3,0,3,0,0,0,0,0,0,0,3,1,0,0,0,0,1,0,1,Mystic
638,2,1,4,0,4,0,0,0,0,0,0,0,3,1,0,0,0,0,1,0,1,Mystic
639,5,6,12,4,7,0,0,0,0,0,2,0,4,6,0,4,2,1,2,1,3,Instinct
640,1,0,2,0,2,0,0,0,0,0,0,0,1,1,0,0,0,0,0,0,1,Valor
641,3,6,10,4,6,0,2,2,0,0,0,0,4,2,1,3,2,2,1,0,2,Instinct
642,2,0,3,0,3,0,0,0,0,0,0,0,3,1,0,0,0,0,1,0,1,Mystic
643,6,4,11,0,11,0,0,0,0,0,2,0,6,6,0,0,0,3,3,0,3,Instinct
644,1,0,2,0,2,0,0,0,0,0,0,0,1,1,0,0,0,0,0,0,1,Valor
645,2,0,3,0,3,0,0,0,0,0,0,0,3,1,0,0,0,0,1,0,1,Mystic
646,3,0,4,0,4,0,0,0,0,0,0,0,3,3,0,0,0,0,1,0,2,Valor
647,1,0,2,0,2,0,0,0,0,0,0,0,1,1,0,0,0,0,0,0,1,Mystic
648,2,1,4,2,4,0,0,2,0,0,0,0,3,1,0,2,1,0,1,1,1,Valor
649,1,0,2,0,2,0,0,0,0,0,0,0,1,1,0,0,0,0,0,0,1,Mystic
650,7,6,14,2,11,0,0,0,0,0,2,0,6,8,0,2,1,2,4,0,3,Instinct
651,3,6,10,2,6,0,0,0,0,0,0,0,4,2,0,2,1,1,1,1,2,Instinct
652,2,0,3,0,4,0,0,0,0,0,0,0,3,1,0,0,0,0,1,0,1,Valor
653,2,0,3,0,3,0,0,0,0,0,0,0,3,1,0,0,0,0,1,0,1,Mystic
654,5,2,8,0,8,0,0,0,0,0,2,0,4,6,0,0,0,1,2,0,3,Instinct
655,2,0,3,0,3,0,0,0,0,0,0,0,3,1,0,0,0,0,1,0,1,Mystic
656,1,0,2,0,2,0,0,0,0,0,0,0,1,1,0,0,0,0,0,0,1,Valor
657,6,6,13,0,10,0,0,0,0,0,2,0,6,6,0,0,0,3,3,0,3,Instinct
658,3,4,8,0,5,0,0,0,0,0,0,0,4,2,0,0,0,1,1,0,2,Instinct
659,5,4,10,0,6,0,0,0,0,0,0,0,4,6,0,0,0,0,2,0,3,Instinct
660,1,0,2,0,2,0,0,0,0,0,0,0,1,1,0,0,0,0,0,0,1,Mystic
661,2,0,3,0,3,0,0,0,0,0,0,0,3,1,0,0,0,0,1,0,1,Valor
662,5,4,10,2,10,0,2,0,0,0,0,0,4,6,0,2,0,4,2,0,3,Instinct
663,6,5,12,0,10,0,0,0,0,0,0,0,6,6,0,0,0,2,3,0,3,Instinct
664,2,0,3,0,3,0,0,0,0,0,0,0,3,1,0,0,0,0,1,0,1,Mystic
665,4,3,8,2,8,0,2,0,0,0,0,0,4,4,0,2,1,2,2,1,2,Instinct
666,3,0,4,0,4,0,0,0,0,0,0,0,3,3,0,0,0,0,1,0,2,Mystic
667,5,6,12,4,8,0,4,0,0,0,0,0,4,6,1,3,1,2,2,1,3,Instinct
668,4,6,11,4,8,0,2,2,0,0,0,0,4,4,0,4,2,2,2,1,2,Instinct
669,6,5,12,2,9,0,0,0,0,0,2,0,6,6,0,2,1,2,3,1,3,Instinct
670,2,2,5,0,4,0,0,0,0,0,0,0,0,4,0,0,0,1,1,0,1,Mystic
671,1,0,2,0,2,0,0,0,0,0,0,0,1,1,0,0,0,0,0,0,1,Valor
672,2,0,3,0,3,0,0,0,0,0,0,0,3,1,0,0,0,0,1,0,1,Valor
673,2,0,3,0,3,0,0,0,0,0,0,0,3,1,0,0,0,0,1,0,1,Mystic
674,3,0,4,0,5,0,0,0,0,0,0,2,3,3,0,0,0,0,1,0,2,Valor
675,2,1,4,2,4,0,0,2,2,1,0,0,2,2,1,1,1,0,1,1,1,Valor
676,3,1,5,0,6,0,0,0,2,1,0,0,2,4,0,0,0,2,2,0,1,Mystic
677,12,6,19,0,17,0,0,0,2,1,0,0,7,17,0,0,0,4,7,0,5,Instinct
678,1,0,2,0,2,0,0,0,0,0,0,0,1,1,0,0,0,0,0,0,1,Valor
679,1,1,3,0,2,0,0,0,2,1,0,0,2,0,0,0,0,0,1,0,0,Mystic
680,12,6,19,4,16,0,0,0,2,1,4,2,7,17,2,2,2,3,7,1,5,Instinct
681,4,2,7,0,6,0,0,0,0,0,0,0,2,6,0,0,0,0,3,0,1,Mystic
682,1,0,2,0,2,0,0,0,0,0,0,0,1,1,0,0,0,0,0,0,1,Valor
683,7,6,14,2,10,0,0,0,2,1,2,0,4,10,0,2,1,2,3,0,4,Instinct
684,6,6,13,6,11,0,4,4,2,1,0,0,4,8,4,2,3,4,3,2,3,Instinct
685,2,6,9,4,4,0,0,0,2,1,0,0,1,3,3,1,2,1,2,1,0,Instinct
686,3,3,7,0,4,0,0,0,2,0,0,0,2,4,0,0,0,0,3,0,0,Mystic
687,1,0,2,0,2,0,0,0,0,0,0,0,1,1,0,0,0,0,0,0,1,Mystic
688,5,2,8,0,9,0,0,0,0,1,2,0,4,6,0,0,0,3,3,0,2,Mystic
689,3,1,5,2,5,2,0,2,2,1,0,0,2,4,1,1,1,0,2,1,1,Valor
690,10,6,17,2,17,0,2,2,2,1,4,2,5,15,0,2,1,6,5,0,5,Instinct
691,1,0,2,0,2,0,0,0,0,0,0,0,1,1,0,0,0,0,0,0,1,Mystic
692,1,0,2,0,2,0,0,0,0,0,0,0,1,1,0,0,0,0,0,0,1,Mystic
693,2,1,4,0,4,0,0,0,2,1,0,0,2,2,0,0,0,0,1,0,1,Mystic
694,3,0,4,0,5,0,0,0,0,0,0,2,3,3,0,0,0,0,1,0,2,Valor
695,6,6,13,4,9,0,0,2,2,1,0,2,4,8,1,3,1,2,3,1,3,Instinct
696,2,0,3,0,3,0,0,0,0,0,0,0,3,1,0,0,0,0,1,0,1,Mystic
697,5,6,12,2,8,0,0,2,2,1,2,0,2,8,0,2,1,2,3,1,2,Instinct
698,1,1,3,0,2,0,0,0,2,1,0,0,2,0,0,0,0,0,1,0,0,Mystic
699,1,0,2,0,2,0,0,0,0,0,0,0,1,1,0,0,0,0,0,0,1,Mystic
700,1,1,3,0,2,0,0,0,2,1,0,0,2,0,0,0,0,0,1,0,0,Mystic
701,3,6,10,2,5,0,2,0,2,1,0,0,1,5,1,1,1,1,3,1,0,Instinct
702,1,1,3,0,2,0,0,0,2,1,0,0,2,0,0,0,0,0,1,0,0,Mystic
703,9,6,16,0,10,0,0,0,2,1,0,0,4,14,0,0,0,0,4,0,5,Instinct
704,1,0,2,0,2,0,0,0,0,0,0,0,1,1,0,0,0,0,0,0,1,Valor
705,6,6,13,0,9,0,0,0,2,1,4,0,4,8,0,0,0,2,3,0,3,Instinct
706,5,6,12,2,9,0,0,2,2,1,2,0,2,8,0,2,1,3,3,1,2,Instinct
707,2,0,3,0,3,0,0,0,0,0,0,0,3,1,0,0,0,0,1,0,1,Mystic
708,2,1,4,2,3,2,0,0,2,1,0,0,2,2,1,1,0,0,1,1,1,Valor
709,4,0,5,0,7,0,0,0,0,0,0,2,3,5,0,0,0,1,2,0,2,Valor
710,1,0,2,0,2,0,0,0,0,0,0,0,1,1,0,0,0,0,0,0,1,Valor
711,2,0,3,0,3,0,0,0,0,0,0,0,3,1,0,0,0,0,1,0,1,Valor
712,7,6,14,0,11,0,0,0,0,0,4,0,6,8,0,0,0,3,4,0,3,Instinct
713,5,6,12,2,8,0,2,0,0,0,0,0,4,6,1,1,1,2,2,0,3,Instinct
714,12,6,19,2,16,0,0,0,0,0,6,0,9,15,0,2,1,3,6,0,6,Instinct
715,10,6,17,0,16,0,0,0,0,0,4,2,6,14,0,0,0,5,6,0,4,Instinct
716,3,1,5,2,6,0,2,2,0,0,0,0,3,3,0,2,1,1,1,0,2,Valor
717,1,0,2,0,2,0,0,0,0,0,0,0,1,1,0,0,0,0,0,0,1,Valor
718,8,6,15,2,14,0,0,2,0,0,2,0,6,10,0,2,1,4,5,0,3,Instinct
719,3,2,6,0,5,0,0,0,0,0,0,0,3,3,0,0,0,0,1,0,2,Mystic
720,2,1,4,0,4,0,0,0,0,0,0,0,3,1,0,0,0,0,1,0,1,Mystic
721,1,1,3,2,2,0,0,0,0,0,0,0,1,1,2,0,0,0,0,0,1,Valor
722,2,0,3,0,4,0,0,0,0,0,0,0,3,1,0,0,0,0,1,0,1,Valor
723,1,0,2,0,2,0,0,0,0,0,0,0,1,1,0,0,0,0,0,0,1,Valor
724,11,6,18,4,13,0,0,0,0,0,2,0,7,15,2,2,2,1,6,0,5,Instinct
725,2,0,3,0,3,0,0,0,0,0,0,0,3,1,0,0,0,0,1,0,1,Valor
726,1,0,2,0,2,0,0,0,0,0,0,0,1,1,0,0,0,0,0,0,1,Mystic
727,2,0,3,0,4,0,0,0,0,0,0,0,3,1,0,0,0,0,1,0,1,Valor
728,3,1,5,0,5,0,0,0,0,0,2,0,3,3,0,0,0,1,1,0,2,Mystic
729,8,6,15,2,14,0,0,2,0,0,2,0,6,10,0,2,1,4,5,0,3,Instinct
730,1,1,3,0,2,0,0,0,0,0,0,0,1,1,0,0,0,0,0,0,1,Mystic
731,7,1,9,2,9,0,0,0,0,0,2,0,7,7,0,2,1,1,4,0,3,Valor
732,5,6,12,2,9,0,0,2,0,0,2,0,4,6,2,0,1,2,2,0,3,Instinct
733,8,6,15,2,14,0,0,2,0,0,2,0,6,10,0,2,1,5,5,1,3,Instinct
734,1,0,2,0,2,0,0,0,0,0,0,0,1,1,0,0,0,0,0,0,1,Valor
735,1,0,2,0,2,0,0,0,0,0,0,0,1,1,0,0,0,0,0,0,1,Valor
736,2,0,3,0,4,0,0,0,0,0,0,0,3,1,0,0,0,0,1,0,1,Valor
737,2,0,3,0,3,0,0,0,0,0,0,0,3,1,0,0,0,0,1,0,1,Valor
738,8,6,15,0,13,0,0,0,0,0,4,2,6,10,0,0,0,4,5,0,3,Instinct
739,7,1,9,2,12,0,2,0,0,0,2,2,7,7,0,2,0,4,4,0,3,Valor
740,2,0,3,0,3,0,0,0,0,0,0,0,3,1,0,0,0,0,1,0,1,Mystic
741,7,6,14,2,9,0,0,0,0,0,0,0,6,8,2,0,1,1,4,1,3,Instinct
742,3,3,7,0,6,0,0,0,0,0,0,0,3,3,0,0,0,2,1,0,2,Mystic
743,1,0,2,0,2,0,0,0,0,0,0,0,1,1,0,0,0,0,0,0,1,Valor
744,2,3,6,0,4,0,0,0,0,0,0,0,3,1,0,0,0,1,1,0,1,Mystic
745,1,0,2,0,2,0,0,0,0,0,0,0,1,1,0,0,0,0,0,0,1,Mystic
746,2,1,4,0,4,0,0,0,0,0,0,0,3,1,0,0,0,0,1,0,1,Mystic
747,1,2,4,0,2,0,0,0,0,0,0,0,1,1,0,0,0,0,0,0,1,Mystic
748,2,0,3,0,4,0,0,0,0,0,0,0,3,1,0,0,0,0,1,0,1,Valor
749,7,6,14,0,8,0,0,0,0,0,0,0,6,8,0,0,0,0,4,0,3,Instinct
750,4,6,11,0,7,0,0,0,2,1,2,0,1,7,0,0,0,2,3,0,1,Instinct
751,7,6,14,0,9,0,0,0,2,1,0,0,4,10,0,0,0,1,3,0,4,Instinct
752,3,2,6,0,5,0,0,0,0,0,2,0,0,6,0,0,0,1,2,0,1,Mystic
753,3,0,4,0,6,0,0,0,0,0,0,0,3,3,0,0,0,1,1,0,2,Valor
754,1,1,3,0,2,0,0,0,2,1,0,0,2,0,0,0,0,0,1,0,0,Mystic
755,2,0,3,0,3,0,0,0,0,0,0,0,3,1,0,0,0,0,1,0,1,Valor
756,6,6,13,2,9,0,0,2,2,1,0,0,4,8,2,0,1,2,3,0,3,Instinct
757,2,1,4,0,3,2,0,0,2,1,0,0,2,2,0,0,0,0,1,0,1,Mystic
758,2,0,3,0,4,0,0,0,0,0,0,0,3,1,0,0,0,0,1,0,1,Valor
759,7,6,14,2,10,0,0,0,2,1,2,0,4,10,0,2,1,2,3,1,4,Instinct
760,2,1,4,0,3,2,0,0,2,1,0,0,2,2,0,0,0,0,1,0,1,Mystic
761,1,0,2,0,2,0,0,0,0,0,0,0,1,1,0,0,0,0,0,0,1,Mystic
762,4,6,11,4,7,0,2,0,2,1,0,0,1,7,3,1,1,2,3,1,1,Instinct
763,1,0,2,0,2,0,0,0,0,0,0,0,1,1,0,0,0,0,0,0,1,Mystic
764,3,0,4,0,6,0,0,0,0,0,0,0,3,3,0,0,0,1,1,0,2,Valor
765,2,0,3,0,4,0,0,0,0,0,0,0,3,1,0,0,0,0,1,0,1,Valor
766,2,1,4,0,4,0,0,0,2,1,0,0,2,2,0,0,0,0,1,0,1,Mystic
767,2,1,4,2,4,0,2,0,2,1,0,0,2,2,1,1,0,1,1,1,1,Valor
768,2,4,7,0,4,0,0,0,2,0,0,0,2,2,0,0,0,1,2,0,0,Mystic
769,7,6,14,0,11,0,0,0,2,1,0,0,4,10,0,0,0,3,3,0,4,Instinct
770,1,0,2,0,2,0,0,0,0,0,0,0,1,1,0,0,0,0,0,0,1,Mystic
771,7,6,14,0,10,0,0,0,2,1,2,0,4,10,0,0,0,1,3,0,4,Instinct
772,4,1,6,2,7,0,0,2,2,1,2,0,2,6,1,1,1,1,3,1,1,Valor
773,2,1,4,0,4,0,0,0,2,1,0,0,2,2,0,0,0,0,1,0,1,Mystic
774,1,0,2,0,2,0,0,0,0,0,0,0,1,1,0,0,0,0,0,0,1,Mystic
775,3,1,5,2,5,2,2,0,2,1,0,2,2,4,1,1,0,1,2,1,1,Valor
776,1,0,2,0,2,0,0,0,0,0,0,0,1,1,0,0,0,0,0,0,1,Mystic
777,4,0,5,0,7,0,0,0,0,0,0,2,3,5,0,0,0,1,2,0,2,Valor
778,5,1,7,2,8,0,0,2,2,1,2,0,4,6,1,1,1,1,4,1,1,Valor
779,2,1,4,0,3,2,0,0,2,1,0,0,2,2,0,0,0,0,1,0,1,Mystic
780,6,6,13,4,10,0,0,4,2,1,2,0,4,8,1,3,2,3,3,2,3,Instinct
781,2,0,3,0,4,0,0,0,0,0,0,0,3,1,0,0,0,0,1,0,1,Valor
782,9,6,16,4,14,0,0,2,2,1,2,0,4,14,0,4,2,3,4,1,5,Instinct
783,4,6,11,2,8,0,0,2,2,1,0,0,1,7,1,1,1,3,3,1,1,Instinct
784,6,0,7,0,10,0,0,0,0,0,2,4,5,7,0,0,0,2,4,0,2,Valor
785,1,2,4,0,2,0,0,0,0,0,0,0,0,2,0,0,0,0,0,0,1,Mystic
786,2,0,3,0,4,0,0,0,0,0,0,0,3,1,0,0,0,0,1,0,1,Valor
787,8,6,15,2,11,0,2,0,2,1,0,0,4,12,1,1,0,2,4,1,4,Instinct
788,2,0,3,0,4,0,0,0,0,0,0,0,3,1,0,0,0,0,1,0,1,Valor
789,6,6,13,4,10,0,2,2,2,1,0,0,4,8,3,1,2,3,3,1,3,Instinct
790,1,0,2,0,2,0,0,0,0,0,0,0,1,1,0,0,0,0,0,0,1,Valor
791,1,0,2,0,2,0,0,0,0,0,0,0,1,1,0,0,0,0,0,0,1,Mystic
792,2,0,3,0,4,0,0,0,0,0,0,0,3,1,0,0,0,0,1,0,1,Valor
793,2,1,4,2,4,0,2,0,0,0,0,0,3,1,0,2,0,1,1,1,1,Valor
794,6,6,13,8,9,0,0,2,0,0,2,0,6,6,2,6,4,1,3,2,3,Instinct
795,1,1,3,0,2,0,0,0,0,0,0,0,1,1,0,0,0,0,0,0,1,Mystic
796,2,2,5,0,4,0,0,0,0,0,0,0,3,1,0,0,0,0,1,0,1,Mystic
797,4,0,5,0,7,0,0,0,0,0,2,2,3,5,0,0,0,1,2,0,2,Valor
798,1,0,2,0,2,0,0,0,0,0,0,0,1,1,0,0,0,0,0,0,1,Valor
799,2,3,6,0,4,0,0,0,0,0,0,0,3,1,0,0,0,1,1,0,1,Mystic
800,3,0,4,0,6,0,0,0,0,0,0,0,3,3,0,0,0,1,1,0,2,Valor
801,1,0,2,0,2,0,0,0,0,0,0,0,1,1,0,0,0,0,0,0,1,Valor
802,1,1,3,0,2,0,0,0,0,0,0,0,1,1,0,0,0,0,0,0,1,Mystic
803,11,6,18,0,15,0,0,0,0,0,4,0,7,15,0,0,0,3,6,0,5,Instinct
804,5,6,12,0,9,0,0,0,0,0,2,0,4,6,0,0,0,3,2,0,3,Instinct
805,2,2,5,0,3,0,0,0,0,0,0,0,3,1,0,0,0,0,1,0,1,Mystic
806,3,2,6,4,5,0,2,2,0,0,0,0,3,3,0,4,1,1,1,0,2,Valor
807,3,4,8,0,6,0,0,0,0,0,0,0,4,2,0,0,0,2,1,0,2,Mystic
808,1,0,2,0,2,0,0,0,0,0,0,0,1,1,0,0,0,0,0,0,1,Mystic
809,14,6,21,0,19,0,0,0,0,0,6,2,9,19,0,0,0,4,7,0,7,Instinct
810,3,3,7,0,5,0,0,0,0,0,0,0,3,3,0,0,0,1,1,0,2,Mystic
811,8,6,15,2,12,0,0,2,0,0,0,2,6,10,0,2,1,3,5,1,3,Instinct
812,4,1,6,2,6,0,2,0,0,0,0,0,3,5,0,2,0,1,2,0,2,Valor
813,4,1,6,2,6,0,2,0,0,0,0,2,3,5,0,2,0,1,2,0,2,Valor
814,3,4,8,0,6,0,0,0,0,0,0,0,4,2,0,0,0,2,1,0,2,Mystic
815,1,1,3,0,2,0,0,0,0,0,0,0,1,1,0,0,0,0,0,0,1,Mystic
816,2,1,4,0,3,0,0,0,0,0,0,0,3,1,0,0,0,0,1,0,1,Mystic
817,1,0,2,0,2,0,0,0,0,0,0,0,1,1,0,0,0,0,0,0,1,Mystic
818,2,2,5,0,4,0,0,0,0,0,0,0,3,1,0,0,0,1,1,0,1,Mystic
819,8,6,15,0,13,0,0,0,0,0,2,2,6,10,0,0,0,4,5,0,3,Instinct
820,2,5,8,0,4,0,0,0,0,0,0,0,3,1,0,0,0,1,1,0,1,Mystic
821,1,0,2,0,2,0,0,0,0,0,0,0,1,1,0,0,0,0,0,0,1,Valor
822,7,6,14,0,10,0,0,0,0,0,2,0,6,8,0,0,0,2,4,0,3,Instinct
823,2,0,3,0,3,0,0,0,0,0,0,0,3,1,0,0,0,0,1,0,1,Valor
824,2,1,4,2,3,0,0,0,0,0,0,0,3,1,0,2,0,0,1,1,1,Valor
825,4,6,11,2,8,0,2,2,0,0,0,0,4,4,2,0,1,3,2,0,2,Instinct
826,8,6,15,4,9,0,0,0,0,0,0,0,6,10,2,2,1,0,5,1,3,Instinct
827,3,1,5,2,5,0,0,2,0,0,0,0,3,3,0,2,1,0,1,0,2,Valor
828,1,0,2,0,2,0,0,0,0,0,0,0,1,1,0,0,0,0,0,0,1,Valor
829,1,0,2,0,2,0,0,0,0,0,0,0,1,1,0,0,0,0,0,0,1,Mystic
830,1,0,2,0,2,0,0,0,0,0,0,0,1,1,0,0,0,0,0,0,1,Valor
831,10,6,17,0,14,0,0,0,2,1,2,0,5,15,0,0,0,2,5,0,5,Instinct
832,1,0,2,0,2,0,0,0,0,0,0,0,1,1,0,0,0,0,0,0,1,Mystic
833,1,0,2,0,2,0,0,0,0,0,0,0,1,1,0,0,0,0,0,0,1,Mystic
834,3,1,5,0,6,0,0,0,2,1,0,0,2,4,0,0,0,1,2,0,1,Mystic
835,2,0,3,0,3,0,0,0,0,0,0,0,3,1,0,0,0,0,1,0,1,Valor
836,1,0,2,0,2,0,0,0,0,0,0,0,1,1,0,0,0,0,0,0,1,Valor
837,5,6,12,2,9,0,0,2,2,1,0,0,2,8,0,2,1,3,3,1,2,Instinct
838,2,0,3,0,3,0,0,0,0,0,0,0,3,1,0,0,0,0,1,0,1,Mystic
839,2,0,3,0,3,0,0,0,0,0,0,0,3,1,0,0,0,0,1,0,1,Valor
840,2,2,5,0,3,0,0,0,0,0,0,0,0,4,0,0,0,0,1,0,1,Mystic
841,7,6,14,0,11,0,0,0,2,1,2,0,4,10,0,0,0,3,3,0,4,Instinct
842,1,0,2,0,2,0,0,0,0,0,0,0,1,1,0,0,0,0,0,0,1,Valor
843,2,1,4,0,4,0,0,0,2,1,0,0,2,2,0,0,0,1,1,0,1,Mystic
844,8,6,15,4,12,0,0,4,2,1,4,0,4,12,0,4,2,3,4,2,4,Instinct
845,5,6,12,0,7,0,0,0,2,1,0,0,2,8,0,0,0,1,3,0,2,Instinct
846,1,1,3,0,2,0,0,0,2,1,0,0,2,0,0,0,0,0,1,0,0,Mystic
847,3,1,5,0,5,2,0,0,2,1,0,0,2,4,0,0,0,0,2,0,1,Mystic
848,3,1,5,0,4,2,0,0,2,1,0,0,2,4,0,0,0,0,2,0,1,Mystic
849,1,0,2,0,2,0,0,0,0,0,0,0,1,1,0,0,0,0,0,0,1,Mystic
850,7,6,14,0,11,0,0,0,2,1,0,0,4,10,0,0,0,2,3,0,4,Instinct
851,4,6,11,2,8,0,2,0,2,1,0,0,1,7,1,1,1,3,3,1,1,Instinct
852,12,6,19,4,14,0,0,0,2,1,2,0,7,17,2,2,1,1,7,1,5,Instinct
853,5,1,7,2,9,2,2,2,2,1,0,2,4,6,1,1,1,2,4,1,1,Valor
854,2,0,3,0,4,0,0,0,0,0,0,0,3,1,0,0,0,0,1,0,1,Valor
855,8,6,15,0,9,0,0,0,2,1,0,0,4,12,0,0,0,0,4,0,4,Instinct
856,3,2,6,0,5,0,0,0,0,0,0,0,0,6,0,0,0,1,2,0,1,Mystic
857,1,0,2,0,2,0,0,0,0,0,0,0,1,1,0,0,0,0,0,0,1,Valor
858,3,6,10,2,5,0,0,0,2,1,0,0,1,5,2,0,0,1,3,0,0,Instinct
859,6,6,13,4,9,0,0,4,2,1,2,0,4,8,2,2,2,2,3,1,3,Instinct
860,1,0,2,0,2,0,0,0,0,0,0,0,1,1,0,0,0,0,0,0,1,Mystic
861,1,0,2,0,2,0,0,0,0,0,0,0,1,1,0,0,0,0,0,0,1,Mystic
862,1,0,2,0,2,0,0,0,0,0,0,0,1,1,0,0,0,0,0,0,1,Mystic
863,1,0,2,0,2,0,0,0,0,0,0,0,1,1,0,0,0,0,0,0,1,Mystic
864,2,1,4,2,4,0,0,2,2,1,0,0,2,2,1,1,1,0,1,1,1,Valor
865,3,0,4,0,5,0,0,0,0,0,0,2,3,3,0,0,0,0,1,0,2,Valor
866,7,6,14,4,10,0,0,0,2,1,0,2,4,10,3,1,1,2,3,1,4,Instinct
867,13,6,20,4,18,0,0,2,2,1,4,2,7,19,3,1,2,4,8,1,5,Instinct
868,1,0,2,0,2,0,0,0,0,0,0,0,1,1,0,0,0,0,0,0,1,Valor
869,2,1,4,0,4,0,0,0,2,1,0,0,2,2,0,0,0,0,1,0,1,Mystic
870,3,3,7,0,6,0,0,0,0,0,0,0,3,3,0,0,0,2,1,0,2,Mystic
871,2,0,3,0,4,0,0,0,0,0,0,0,3,1,0,0,0,0,1,0,1,Valor
872,2,0,3,0,3,0,0,0,0,0,0,0,3,1,0,0,0,0,1,0,1,Valor
873,6,6,13,4,9,0,2,0,0,0,2,0,6,6,2,2,2,2,3,1,3,Instinct
874,3,1,5,2,5,0,0,2,0,0,2,0,3,3,0,2,1,1,1,0,2,Valor
875,1,1,3,0,2,0,0,0,0,0,0,0,1,1,0,0,0,0,0,0,1,Mystic
876,9,6,16,4,15,0,4,0,0,0,2,2,6,12,2,2,1,4,6,2,3,Instinct
877,3,2,6,0,5,0,0,0,0,0,0,0,3,3,0,0,0,0,1,0,2,Mystic
878,1,1,3,0,2,0,0,0,0,0,0,0,1,1,0,0,0,0,0,0,1,Mystic
879,2,1,4,2,4,0,2,0,0,0,0,0,3,1,0,2,0,1,1,1,1,Valor
880,1,0,2,0,2,0,0,0,0,0,0,0,1,1,0,0,0,0,0,0,1,Valor
881,3,0,4,0,4,0,0,0,0,0,0,0,3,3,0,0,0,0,1,0,2,Mystic
882,1,1,3,0,2,0,0,0,0,0,0,0,1,1,0,0,0,0,0,0,1,Mystic
883,1,0,2,0,2,0,0,0,0,0,0,0,1,1,0,0,0,0,0,0,1,Mystic
884,1,2,4,0,2,0,0,0,0,0,0,0,1,1,0,0,0,0,0,0,1,Mystic
885,1,0,2,0,2,0,0,0,0,0,0,0,1,1,0,0,0,0,0,0,1,Valor
886,8,6,15,0,13,0,0,0,0,0,4,0,6,10,0,0,0,4,5,0,3,Instinct
887,1,0,2,0,2,0,0,0,0,0,0,0,1,1,0,0,0,0,0,0,1,Mystic
888,2,1,4,0,3,0,0,0,0,0,0,0,3,1,0,0,0,0,1,0,1,Mystic
889,6,1,8,2,9,0,0,2,0,0,4,0,6,6,1,1,1,2,3,0,3,Valor
890,1,1,3,2,2,0,0,0,0,0,0,0,1,1,2,0,0,0,0,0,1,Valor
891,7,6,14,0,10,0,0,0,0,0,2,0,6,8,0,0,0,2,4,0,3,Instinct
892,9,6,16,2,11,0,0,0,0,0,0,0,6,12,1,1,1,1,6,1,3,Instinct
893,7,6,14,2,11,0,0,2,0,0,4,0,6,8,1,1,1,3,4,1,3,Instinct
894,3,5,9,0,5,0,0,0,0,0,0,0,4,2,0,0,0,1,1,0,2,Mystic
895,5,6,12,4,8,0,0,0,0,0,2,0,4,6,3,1,1,2,2,1,3,Instinct
896,4,0,5,0,8,0,0,0,0,0,0,0,3,5,0,0,0,2,2,0,2,Valor
897,4,0,5,0,7,0,0,0,0,0,2,0,3,5,0,0,0,2,2,0,2,Valor
898,2,1,4,2,3,0,0,0,0,0,0,0,3,1,0,2,0,0,1,1,1,Valor
899,2,3,6,0,4,0,0,0,0,0,0,0,3,1,0,0,0,0,1,0,1,Mystic
900,4,6,11,0,7,0,0,0,0,0,2,0,4,4,0,0,0,1,2,0,2,Instinct
901,5,6,12,0,9,0,0,0,0,0,0,0,4,6,0,0,0,3,2,0,3,Instinct
902,3,3,7,0,5,0,0,0,0,0,0,0,3,3,0,0,0,1,1,0,2,Mystic
903,1,0,2,0,2,0,0,0,0,0,0,0,1,1,0,0,0,0,0,0,1,Valor
904,3,1,5,2,5,0,0,2,0,0,2,0,3,3,0,2,1,1,1,0,2,Valor
905,1,0,2,0,2,0,0,0,0,0,0,0,1,1,0,0,0,0,0,0,1,Valor
906,6,6,13,0,10,0,0,0,0,0,4,0,6,6,0,0,0,3,3,0,3,Instinct
907,2,0,3,0,3,0,0,0,0,0,0,0,3,1,0,0,0,0,1,0,1,Valor
908,8,6,15,6,13,0,0,4,0,0,4,0,6,10,2,4,3,4,5,1,3,Instinct
909,2,0,3,0,4,0,0,0,0,0,0,0,3,1,0,0,0,0,1,0,1,Valor
910,4,0,5,0,7,0,0,0,0,0,2,2,3,5,0,0,0,1,2,0,2,Valor
911,8,6,15,2,12,0,0,2,0,0,6,0,6,10,2,0,1,3,5,1,3,Instinct
912,1,0,2,0,2,0,0,0,0,0,0,0,1,1,0,0,0,0,0,0,1,Valor
913,1,0,2,0,2,0,0,0,0,0,0,0,1,1,0,0,0,0,0,0,1,Valor
914,3,1,5,2,6,0,2,2,0,0,0,0,3,3,0,2,1,1,1,0,2,Valor
915,11,6,18,0,15,0,0,0,0,0,4,0,7,15,0,0,0,3,6,0,5,Instinct
916,1,1,3,0,2,0,0,0,0,0,0,0,1,1,0,0,0,0,0,0,1,Mystic
917,1,2,4,4,2,0,0,0,0,0,0,0,1,1,2,2,1,0,0,1,1,Valor
918,2,0,3,0,3,0,0,0,0,0,0,0,3,1,0,0,0,0,1,0,1,Mystic
919,1,0,2,0,2,0,0,0,0,0,0,0,1,1,0,0,0,0,0,0,1,Valor
920,5,6,12,2,8,0,0,0,0,0,2,0,4,6,1,1,0,2,2,1,3,Instinct
921,1,1,3,2,2,0,0,0,0,0,0,0,1,1,2,0,0,0,0,0,1,Valor
922,6,6,13,0,10,0,0,0,0,0,2,0,6,6,0,0,0,2,3,0,3,Instinct
923,2,1,4,0,4,0,0,0,0,0,0,0,3,1,0,0,0,0,1,0,1,Mystic
924,7,6,14,4,9,0,2,0,0,0,0,0,6,8,0,4,1,1,4,1,3,Instinct
925,2,1,4,0,4,0,0,0,0,0,0,0,3,1,0,0,0,0,1,0,1,Mystic
926,2,1,4,2,4,0,0,2,0,0,0,0,3,1,0,2,1,0,1,1,1,Valor
927,11,6,18,4,14,0,0,0,0,0,2,2,7,15,3,1,1,2,6,0,5,Instinct
928,6,1,8,2,9,0,0,2,0,0,2,2,6,6,1,1,1,1,3,0,3,Valor
929,1,1,3,2,2,0,0,0,0,0,0,0,1,1,2,0,0,0,0,0,1,Valor
930,5,6,12,2,8,0,0,2,0,0,2,0,4,6,0,2,1,2,2,0,3,Instinct
931,6,6,13,0,7,0,0,0,0,0,0,0,6,6,0,0,0,0,3,0,3,Instinct
932,2,6,9,4,4,0,2,0,0,0,0,0,3,1,2,2,2,1,1,1,1,Instinct
933,3,1,5,2,5,0,0,2,0,0,0,0,3,3,0,2,1,0,1,0,2,Valor
934,2,1,4,2,3,0,0,0,0,0,0,0,3,1,0,2,0,0,1,1,1,Valor
935,1,0,2,0,2,0,0,0,0,0,0,0,1,1,0,0,0,0,0,0,1,Mystic
936,5,5,11,6,8,0,0,4,0,0,2,0,4,6,2,4,3,2,2,0,3,Instinct
937,1,1,3,0,2,0,0,0,0,0,0,0,1,1,0,0,0,0,0,0,1,Mystic
938,8,6,15,4,13,0,2,4,0,0,6,0,6,10,2,2,2,4,5,2,3,Instinct
939,3,1,5,2,5,0,0,2,0,0,2,0,3,3,0,2,1,1,1,0,2,Valor
940,6,6,13,4,10,0,0,2,0,0,0,0,6,6,1,3,2,3,3,1,3,Instinct
941,9,6,16,4,11,0,0,0,0,0,2,0,6,12,0,4,2,1,6,1,3,Instinct
942,1,0,2,0,2,0,0,0,0,0,0,0,1,1,0,0,0,0,0,0,1,Mystic
943,2,0,3,0,3,0,0,0,0,0,0,0,3,1,0,0,0,0,1,0,1,Valor
944,1,0,2,0,2,0,0,0,0,0,0,0,1,1,0,0,0,0,0,0,1,Valor
945,4,6,11,4,8,0,0,4,0,0,0,0,4,4,1,3,2,3,2,0,2,Instinct
946,2,1,4,0,3,0,0,0,0,0,0,0,3,1,0,0,0,0,1,0,1,Mystic
947,1,0,2,0,2,0,0,0,0,0,0,0,1,1,0,0,0,0,0,0,1,Mystic
948,1,0,2,0,2,0,0,0,0,0,0,0,1,1,0,0,0,0,0,0,1,Mystic
949,1,0,2,0,2,0,0,0,0,0,0,0,1,1,0,0,0,0,0,0,1,Mystic
950,7,6,14,0,10,0,0,0,0,0,0,2,6,8,0,0,0,2,4,0,3,Instinct
951,1,0,2,0,2,0,0,0,0,0,0,0,1,1,0,0,0,0,0,0,1,Mystic
952,8,6,15,6,14,0,2,4,0,0,4,0,6,10,2,4,3,5,5,2,3,Instinct
953,2,1,4,2,3,0,0,0,0,0,0,0,3,1,0,2,0,0,1,1,1,Valor
954,5,6,12,2,9,0,2,0,0,0,0,0,4,6,2,0,0,2,2,0,3,Instinct
955,1,0,2,0,2,0,0,0,0,0,0,0,1,1,0,0,0,0,0,0,1,Mystic
956,7,6,14,4,10,0,0,2,0,0,0,0,6,8,2,2,2,2,4,1,3,Instinct
957,2,1,4,2,4,0,0,2,0,0,0,0,3,1,0,2,1,0,1,1,1,Valor
958,1,0,2,0,2,0,0,0,0,0,0,0,1,1,0,0,0,0,0,0,1,Mystic
959,1,0,2,0,2,0,0,0,0,0,0,0,1,1,0,0,0,0,0,0,1,Mystic
960,1,0,2,0,2,0,0,0,0,0,0,0,1,1,0,0,0,0,0,0,1,Valor
961,1,0,2,0,2,0,0,0,0,0,0,0,1,1,0,0,0,0,0,0,1,Valor
962,1,0,2,0,2,0,0,0,0,0,0,0,1,1,0,0,0,0,0,0,1,Valor
963,2,0,3,0,3,0,0,0,0,0,0,0,3,1,0,0,0,0,1,0,1,Mystic
964,3,0,4,0,5,0,0,0,0,0,0,2,3,3,0,0,0,0,1,0,2,Valor
965,5,6,12,2,9,0,2,2,0,0,0,0,4,6,0,2,1,3,2,1,3,Instinct
966,6,6,13,0,8,0,0,0,0,0,0,2,6,6,0,0,0,1,3,0,3,Instinct
967,1,0,2,0,2,0,0,0,0,0,0,0,1,1,0,0,0,0,0,0,1,Valor
968,1,0,2,0,2,0,0,0,0,0,0,0,1,1,0,0,0,0,0,0,1,Mystic
969,1,0,2,0,2,0,0,0,0,0,0,0,1,1,0,0,0,0,0,0,1,Mystic
970,1,0,2,0,2,0,0,0,0,0,0,0,1,1,0,0,0,0,0,0,1,Mystic
971,5,6,12,0,8,0,0,0,0,0,0,0,4,6,0,0,0,2,2,0,3,Instinct
972,3,0,4,0,5,0,0,0,0,0,2,0,3,3,0,0,0,1,1,0,2,Valor
973,4,1,6,2,7,0,2,2,0,0,2,0,3,5,0,2,1,2,2,0,2,Valor
974,1,2,4,0,2,0,0,0,0,0,0,0,1,1,0,0,0,0,0,0,1,Mystic
975,4,0,5,0,5,0,0,0,0,0,0,0,3,5,0,0,0,0,2,0,2,Valor
976,7,6,14,2,12,0,0,2,0,0,0,2,6,8,2,0,1,3,4,1,3,Instinct
977,3,1,5,2,5,0,2,0,0,0,0,2,3,3,0,2,0,1,1,0,2,Valor
978,1,0,2,0,2,0,0,0,0,0,0,0,1,1,0,0,0,0,0,0,1,Mystic
979,11,2,14,4,18,0,2,4,0,0,6,2,7,15,2,2,2,6,6,2,5,Valor
980,2,3,6,0,4,0,0,0,0,0,0,0,3,1,0,0,0,1,1,0,1,Mystic
981,3,2,6,4,6,0,2,2,0,0,0,0,3,3,0,4,1,2,1,0,2,Valor
982,2,1,4,2,4,0,0,2,0,0,0,0,3,1,0,2,1,0,1,1,1,Valor
983,7,6,14,4,9,0,0,0,0,0,2,0,6,8,1,3,2,1,4,1,3,Instinct
984,2,0,3,0,4,0,0,0,0,0,0,0,3,1,0,0,0,0,1,0,1,Valor
985,3,0,4,0,5,0,0,0,0,0,0,2,3,3,0,0,0,0,1,0,2,Valor
986,2,0,3,0,4,0,0,0,0,0,0,0,3,1,0,0,0,0,1,0,1,Mystic
987,1,0,2,0,2,0,0,0,0,0,0,0,1,1,0,0,0,0,0,0,1,Mystic
988,3,3,7,0,5,0,0,0,0,0,2,0,3,3,0,0,0,1,1,0,2,Mystic
989,7,6,14,2,9,0,2,0,0,0,0,0,6,8,0,2,0,1,4,0,3,Instinct
990,1,2,4,4,2,0,0,0,0,0,0,0,1,1,2,2,1,0,0,1,1,Valor
991,3,0,4,0,5,0,0,0,0,0,0,2,3,3,0,0,0,0,1,0,2,Mystic
992,2,0,3,0,3,0,0,0,0,0,0,0,3,1,0,0,0,0,1,0,1,Mystic
993,7,6,14,2,10,0,2,0,0,0,0,0,6,8,0,2,0,2,4,1,3,Instinct
994,3,1,5,0,6,0,0,0,0,0,0,0,3,3,0,0,0,1,1,0,2,Mystic
995,4,0,5,0,8,0,0,0,0,0,0,0,3,5,0,0,0,2,2,0,2,Valor
996,2,0,3,0,4,0,0,0,0,0,0,0,3,1,0,0,0,0,1,0,1,Valor
997,1,0,2,0,2,0,0,0,0,0,0,0,1,1,0,0,0,0,0,0,1,Mystic
998,4,0,5,0,6,0,0,0,0,0,2,0,3,5,0,0,0,1,2,0,2,Valor
999,6,6,13,0,10,0,0,0,0,0,2,2,6,6,0,0,0,3,3,0,3,Instinct
1000,4,6,11,4,7,0,0,4,0,0,0,0,4,4,2,2,2,2,2,0,2,Instinct
1001,2,5,8,0,4,0,0,0,0,0,0,0,3,1,0,0,0,1,1,0,1,Mystic
1002,1,1,3,0,2,0,0,0,0,0,0,0,1,1,0,0,0,0,0,0,1,Mystic
1003,2,1,4,0,3,0,0,0,0,0,0,0,3,1,0,0,0,0,1,0,1,Mystic
1004,9,6,16,0,13,0,0,0,0,0,4,0,6,12,0,0,0,3,6,0,3,Instinct
1005,3,0,4,0,5,0,0,0,0,0,2,0,3,3,0,0,0,1,1,0,2,Valor
1006,3,5,9,0,5,0,0,0,0,0,0,0,4,2,0,0,0,1,1,0,2,Mystic
1007,4,6,11,2,8,0,2,2,0,0,0,0,4,4,0,2,1,3,2,0,2,Instinct
1008,6,6,13,6,10,0,4,4,0,0,2,0,6,6,1,5,3,3,3,0,3,Instinct
1009,2,0,3,0,3,0,0,0,0,0,0,0,3,1,0,0,0,0,1,0,1,Mystic
1010,5,6,12,0,7,0,0,0,2,1,0,0,2,8,0,0,0,1,3,0,2,Instinct
1011,4,6,11,2,6,0,0,2,2,1,0,0,1,7,2,0,1,1,3,0,1,Instinct
1012,3,1,5,0,4,2,0,0,2,1,0,0,2,4,0,0,0,0,2,0,1,Mystic
1013,8,6,15,2,13,0,0,0,2,1,6,0,4,12,0,2,1,3,4,1,4,Instinct
1014,1,0,2,0,2,0,0,0,0,0,0,0,1,1,0,0,0,0,0,0,1,Mystic
1015,4,1,6,0,6,2,0,0,2,1,2,0,2,6,0,0,0,1,3,0,1,Mystic
1016,3,0,4,0,5,0,0,0,0,0,0,2,3,3,0,0,0,0,1,0,2,Valor
1017,7,6,14,2,12,0,0,2,2,1,2,0,4,10,2,0,1,4,3,0,4,Instinct
1018,2,0,3,0,3,0,0,0,0,0,0,0,3,1,0,0,0,0,1,0,1,Mystic
1019,2,0,3,0,4,0,0,0,0,0,0,0,3,1,0,0,0,0,1,0,1,Mystic
1020,1,0,2,0,2,0,0,0,0,0,0,0,1,1,0,0,0,0,0,0,1,Valor
1021,1,1,3,2,2,0,0,0,2,1,0,0,2,0,1,1,0,0,1,1,0,Valor
1022,2,0,3,0,4,0,0,0,0,0,0,0,3,1,0,0,0,0,1,0,1,Valor
1023,3,0,4,0,4,0,0,0,0,0,0,0,3,3,0,0,0,0,1,0,2,Valor
1024,6,6,13,0,9,0,0,0,2,1,0,0,4,8,0,0,0,2,3,0,3,Instinct
1025,8,6,15,4,12,0,0,2,2,1,2,0,4,12,1,3,2,3,4,1,4,Instinct
1026,11,6,18,4,15,0,0,0,2,1,4,0,7,15,0,4,2,3,6,1,5,Instinct
1027,1,0,2,0,2,0,0,0,0,0,0,0,1,1,0,0,0,0,0,0,1,Mystic
1028,1,0,2,0,2,0,0,0,0,0,0,0,1,1,0,0,0,0,0,0,1,Mystic
1029,1,1,3,0,2,0,0,0,2,1,0,0,2,0,0,0,0,0,1,0,0,Mystic
1030,6,6,13,0,9,0,0,0,2,1,4,0,4,8,0,0,0,2,3,0,3,Instinct
1031,8,6,15,4,13,0,2,2,2,1,4,0,4,12,0,4,2,4,4,1,4,Instinct
1032,1,0,2,0,2,0,0,0,0,0,0,0,1,1,0,0,0,0,0,0,1,Mystic
1033,1,0,2,0,2,0,0,0,0,0,0,0,1,1,0,0,0,0,0,0,1,Valor
1034,2,0,3,0,3,0,0,0,0,0,0,0,3,1,0,0,0,0,1,0,1,Mystic
1035,1,0,2,0,2,0,0,0,0,0,0,0,1,1,0,0,0,0,0,0,1,Valor
1036,3,0,4,0,5,0,0,0,0,0,2,0,3,3,0,0,0,1,1,0,2,Valor
1037,2,0,3,0,4,0,0,0,0,0,0,0,3,1,0,0,0,0,1,0,1,Valor
1038,4,6,11,0,8,0,0,0,2,1,0,0,1,7,0,0,0,2,3,0,1,Instinct
1039,1,0,2,0,2,0,0,0,0,0,0,0,1,1,0,0,0,0,0,0,1,Mystic
1040,1,0,2,0,2,0,0,0,0,0,0,0,1,1,0,0,0,0,0,0,1,Mystic
1041,5,6,12,4,8,0,2,2,2,1,0,0,2,8,3,1,2,2,3,1,2,Instinct
1042,1,0,2,0,2,0,0,0,0,0,0,0,1,1,0,0,0,0,0,0,1,Valor
1043,6,6,13,4,11,0,2,2,2,1,2,2,4,8,1,3,2,4,3,2,3,Instinct
1044,2,0,3,0,4,0,0,0,0,0,0,0,3,1,0,0,0,0,1,0,1,Valor
1045,1,1,3,0,2,0,0,0,2,1,0,0,2,0,0,0,0,0,1,0,0,Mystic
1046,1,1,3,2,2,0,0,0,2,1,0,0,2,0,1,1,0,0,1,1,0,Valor
1047,6,6,13,2,8,0,2,0,2,1,0,0,4,8,0,2,1,1,3,1,3,Instinct
1048,2,0,3,0,3,0,0,0,0,0,0,0,3,1,0,0,0,0,1,0,1,Valor
1049,5,6,12,4,8,0,2,2,2,1,2,0,2,8,1,3,2,2,3,1,2,Instinct
1050,3,6,10,4,5,0,0,2,0,0,0,0,4,2,0,4,2,1,1,1,2,Instinct
1051,2,1,4,0,4,0,0,0,0,0,0,0,3,1,0,0,0,1,1,0,1,Mystic
1052,4,2,7,0,6,0,0,0,0,0,0,0,3,5,0,0,0,1,2,0,2,Mystic
1053,2,0,3,0,4,0,0,0,0,0,0,0,3,1,0,0,0,0,1,0,1,Valor
1054,1,0,2,0,2,0,0,0,0,0,0,0,1,1,0,0,0,0,0,0,1,Valor
1055,4,3,8,0,7,0,0,0,0,0,2,0,4,4,0,0,0,2,2,0,2,Mystic
1056,1,0,2,0,2,0,0,0,0,0,0,0,1,1,0,0,0,0,0,0,1,Mystic
1057,5,6,12,2,8,0,0,2,0,0,2,0,4,6,0,2,1,2,2,0,3,Instinct
1058,4,0,5,0,7,0,0,0,0,0,2,2,3,5,0,0,0,1,2,0,2,Valor
1059,6,6,13,2,11,0,0,2,0,0,2,0,6,6,2,0,1,3,3,1,3,Instinct
1060,3,3,7,0,5,0,0,0,0,0,2,0,3,3,0,0,0,1,1,0,2,Mystic
1061,4,3,8,0,7,0,0,0,0,0,0,0,4,4,0,0,0,1,2,0,2,Mystic
1062,8,6,15,4,12,0,2,2,0,0,4,2,6,10,0,4,1,3,5,1,3,Instinct
1063,3,1,5,2,5,0,0,2,0,0,0,0,3,3,0,2,1,0,1,0,2,Valor
1064,4,0,5,0,6,0,0,0,0,0,2,0,3,5,0,0,0,1,2,0,2,Valor
1065,3,0,4,0,5,0,0,0,0,0,0,2,3,3,0,0,0,0,1,0,2,Valor
1066,4,5,10,0,7,0,0,0,0,0,0,0,4,4,0,0,0,1,2,0,2,Mystic
1067,1,0,2,0,2,0,0,0,0,0,0,0,1,1,0,0,0,0,0,0,1,Mystic
1068,2,2,5,0,3,0,0,0,0,0,0,0,3,1,0,0,0,0,1,0,1,Mystic
1069,3,0,4,0,5,0,0,0,0,0,2,0,3,3,0,0,0,1,1,0,2,Valor
1070,1,0,2,0,2,0,0,0,0,0,0,0,1,1,0,0,0,0,0,0,1,Mystic
1071,2,2,5,4,4,0,0,2,0,0,0,0,3,1,0,4,2,0,1,1,1,Valor
1072,3,0,4,0,5,0,0,0,0,0,0,2,3,3,0,0,0,0,1,0,2,Valor
1073,4,1,6,2,7,0,2,2,0,0,0,2,3,5,0,2,1,1,2,0,2,Valor
1074,8,6,15,4,12,0,2,0,0,0,2,0,6,10,2,2,1,3,5,1,3,Instinct
1075,2,3,6,0,4,0,0,0,0,0,0,0,3,1,0,0,0,1,1,0,1,Mystic
1076,5,2,8,4,9,0,2,4,0,0,2,0,4,6,3,1,2,3,2,0,3,Valor
1077,4,1,6,2,6,0,0,2,0,0,2,0,3,5,0,2,1,1,2,0,2,Valor
1078,2,0,3,0,3,0,0,0,0,0,0,0,3,1,0,0,0,0,1,0,1,Valor
1079,6,6,13,4,9,0,0,2,0,0,0,0,6,6,1,3,2,2,3,1,3,Instinct
1080,6,6,13,2,8,0,0,0,0,0,2,0,6,6,2,0,1,1,3,1,3,Instinct
1081,2,3,6,6,4,0,2,2,0,0,0,0,3,1,0,6,2,1,1,1,1,Valor
1082,7,6,14,2,9,0,2,0,0,0,0,0,6,8,0,2,1,1,4,1,3,Instinct
1083,3,0,4,0,4,0,0,0,0,0,0,0,3,3,0,0,0,0,1,0,2,Mystic
1084,3,0,4,0,5,0,0,0,0,0,0,2,3,3,0,0,0,0,1,0,2,Valor
1085,3,0,4,0,6,0,0,0,0,0,0,0,3,3,0,0,0,1,1,0,2,Valor
1086,2,1,4,0,3,0,0,0,0,0,0,0,3,1,0,0,0,0,1,0,1,Mystic
1087,1,1,3,0,2,0,0,0,0,0,0,0,1,1,0,0,0,0,0,0,1,Mystic
1088,2,1,4,2,4,0,0,2,0,0,0,0,3,1,0,2,1,0,1,1,1,Valor
1089,7,6,14,4,11,0,2,2,0,0,0,0,6,8,0,4,1,3,4,1,3,Instinct
1090,1,3,5,0,2,0,0,0,0,0,0,0,1,1,0,0,0,0,0,0,1,Mystic
1091,8,6,15,2,11,0,0,0,0,0,4,2,6,10,0,2,0,2,5,0,3,Instinct
1092,3,1,5,2,5,0,2,0,0,0,0,0,3,3,0,2,0,1,1,0,2,Valor
1093,4,6,11,2,7,0,0,0,0,0,2,0,4,4,0,2,1,2,2,0,2,Instinct
1094,6,6,13,0,8,0,0,0,0,0,0,0,6,6,0,0,0,1,3,0,3,Instinct
1095,4,1,6,2,6,0,0,2,0,0,2,0,3,5,0,2,1,1,2,0,2,Valor
1096,5,1,7,2,8,0,0,0,0,0,2,2,3,7,2,0,0,2,3,0,2,Valor
1097,2,0,3,0,3,0,0,0,0,0,0,0,3,1,0,0,0,0,1,0,1,Valor
1098,2,0,3,0,3,0,0,0,0,0,0,0,3,1,0,0,0,0,1,0,1,Mystic
1099,2,1,4,0,4,0,0,0,0,0,0,0,3,1,0,0,0,0,1,0,1,Mystic
1100,7,5,13,2,11,0,0,0,0,0,2,2,7,7,0,2,1,3,4,0,3,Instinct
1101,5,5,11,2,8,0,0,0,0,0,0,0,4,6,0,2,1,2,2,0,3,Instinct
1102,10,5,16,6,14,0,0,2,0,0,6,2,6,14,1,5,2,3,6,2,4,Instinct
1103,5,5,11,0,7,0,0,0,0,0,2,0,4,6,0,0,0,1,2,0,3,Instinct
1104,4,4,9,4,8,0,0,2,0,0,0,0,4,4,1,3,2,2,2,1,2,Instinct
1105,1,0,2,0,2,0,0,0,0,0,0,0,1,1,0,0,0,0,0,0,1,Valor
1106,2,0,3,0,3,0,0,0,0,0,0,0,3,1,0,0,0,0,1,0,1,Valor
1107,7,2,10,2,12,0,2,2,0,0,2,2,7,7,0,2,1,3,4,0,3,Instinct
1108,3,2,6,0,5,0,0,0,0,0,2,0,3,3,0,0,0,1,1,0,2,Instinct
1109,5,6,12,4,8,0,0,2,0,0,0,0,4,6,2,2,2,2,2,1,3,Instinct
1110,2,0,3,0,3,0,0,0,0,0,0,0,3,1,0,0,0,0,1,0,1,Mystic
1111,5,4,10,0,8,0,0,0,0,0,0,0,4,6,0,0,0,2,2,0,3,Instinct
1112,1,0,2,0,2,0,0,0,0,0,0,0,1,1,0,0,0,0,0,0,1,Mystic
1113,1,0,2,0,2,0,0,0,0,0,0,0,1,1,0,0,0,0,0,0,1,Valor
1114,1,1,3,0,2,0,0,0,0,0,0,0,1,1,0,0,0,0,0,0,1,Mystic
1115,1,0,2,0,2,0,0,0,0,0,0,0,1,1,0,0,0,0,0,0,1,Valor
1116,3,4,8,2,6,0,2,0,0,0,0,0,4,2,1,1,0,2,1,0,2,Instinct
1117,2,1,4,0,4,0,0,0,0,0,0,0,3,1,0,0,0,0,1,0,1,Mystic
1118,1,0,2,0,2,0,0,0,0,0,0,0,1,1,0,0,0,0,0,0,1,Valor
1119,1,0,2,0,2,0,0,0,0,0,0,0,1,1,0,0,0,0,0,0,1,Valor
1120,3,6,10,2,6,0,2,0,0,0,0,0,4,2,0,2,0,2,1,0,2,Instinct
1121,3,0,4,0,6,0,0,0,0,0,0,0,3,3,0,0,0,1,1,0,2,Valor
1122,2,0,3,0,3,0,0,0,0,0,0,0,3,1,0,0,0,0,1,0,1,Valor
1123,6,6,13,0,9,0,0,0,0,0,2,0,6,6,0,0,0,1,3,0,3,Instinct
1124,6,5,12,4,10,0,4,0,0,0,0,2,6,6,0,4,1,2,3,0,3,Instinct
1125,3,0,4,0,5,0,0,0,0,0,0,2,3,3,0,0,0,0,1,0,2,Mystic
1126,4,4,9,0,8,0,0,0,0,0,0,0,4,4,0,0,0,2,2,0,2,Instinct
1127,1,0,2,0,2,0,0,0,0,0,0,0,1,1,0,0,0,0,0,0,1,Valor
1128,2,1,4,0,3,0,0,0,0,0,0,0,3,1,0,0,0,0,1,0,1,Mystic
1129,9,6,16,0,12,0,0,0,0,0,2,0,6,12,0,0,0,2,6,0,3,Instinct
1130,2,0,3,0,3,0,0,0,0,0,0,0,3,1,0,0,0,0,1,0,1,Mystic
1131,1,0,2,0,2,0,0,0,0,0,0,0,1,1,0,0,0,0,0,0,1,Valor
1132,2,0,3,0,3,0,0,0,0,0,0,0,3,1,0,0,0,0,1,0,1,Valor
1133,3,6,10,4,5,0,0,0,0,0,0,0,4,2,0,4,2,1,1,1,2,Instinct
1134,4,6,11,2,8,0,0,0,0,0,0,0,4,4,1,1,1,3,2,0,2,Instinct
1135,1,0,2,0,2,0,0,0,0,0,0,0,1,1,0,0,0,0,0,0,1,Mystic
1136,10,5,16,4,15,0,4,0,0,0,2,2,6,14,1,3,0,4,6,1,4,Instinct
1137,1,0,2,0,2,0,0,0,0,0,0,0,1,1,0,0,0,0,0,0,1,Valor
1138,2,1,4,0,3,0,0,0,0,0,0,0,3,1,0,0,0,0,1,0,1,Mystic
1139,1,0,2,0,2,0,0,0,0,0,0,0,1,1,0,0,0,0,0,0,1,Mystic
1140,1,0,2,0,2,0,0,0,0,0,0,0,1,1,0,0,0,0,0,0,1,Mystic
1141,3,0,4,0,5,0,0,0,0,0,0,2,3,3,0,0,0,0,1,0,2,Valor
1142,2,1,4,0,4,0,0,0,0,0,0,0,3,1,0,0,0,1,1,0,1,Mystic
1143,1,0,2,0,2,0,0,0,0,0,0,0,1,1,0,0,0,0,0,0,1,Valor
1144,1,0,2,0,2,0,0,0,0,0,0,0,1,1,0,0,0,0,0,0,1,Mystic
1145,6,6,13,2,10,0,2,0,0,0,0,0,6,6,0,2,0,2,3,0,3,Instinct
1146,6,6,13,4,10,0,2,2,0,0,0,0,6,6,1,3,1,3,3,2,3,Instinct
1147,2,1,4,0,4,0,0,0,0,0,0,0,3,1,0,0,0,1,1,0,1,Mystic
1148,10,6,17,4,14,0,2,0,0,0,2,4,6,14,3,1,2,3,6,2,4,Instinct
1149,4,0,5,0,5,0,0,0,0,0,0,0,3,5,0,0,0,0,2,0,2,Mystic
1150,6,6,13,2,9,0,2,2,0,0,0,0,6,6,1,1,1,2,3,0,3,Instinct
1151,2,1,4,2,4,0,0,2,0,0,0,0,3,1,0,2,1,0,1,1,1,Valor
1152,2,0,3,0,3,0,0,0,0,0,0,0,3,1,0,0,0,0,1,0,1,Valor
1153,7,6,14,0,9,0,0,0,0,0,2,0,6,8,0,0,0,1,4,0,3,Instinct
1154,2,0,3,0,3,0,0,0,0,0,0,0,3,1,0,0,0,0,1,0,1,Valor
1155,2,0,3,0,4,0,0,0,0,0,0,0,3,1,0,0,0,0,1,0,1,Valor
1156,1,1,3,0,2,0,0,0,0,0,0,0,1,1,0,0,0,0,0,0,1,Mystic
1157,6,6,13,0,10,0,0,0,0,0,0,0,6,6,0,0,0,2,3,0,3,Instinct
1158,2,0,3,0,3,0,0,0,0,0,0,0,3,1,0,0,0,0,1,0,1,Mystic
1159,3,0,4,0,4,0,0,0,0,0,0,0,3,3,0,0,0,0,1,0,2,Mystic
1160,4,6,11,0,7,0,0,0,0,0,0,0,4,4,0,0,0,2,2,0,2,Instinct
1161,2,2,5,0,4,0,0,0,0,0,0,0,3,1,0,0,0,1,1,0,1,Mystic
1162,2,0,3,0,3,0,0,0,0,0,0,0,3,1,0,0,0,0,1,0,1,Valor
1163,3,1,5,0,6,0,0,0,0,0,0,0,3,3,0,0,0,1,1,0,2,Mystic
1164,3,0,4,0,4,0,0,0,0,0,0,0,3,3,0,0,0,0,1,0,2,Valor
1165,1,0,2,0,2,0,0,0,0,0,0,0,1,1,0,0,0,0,0,0,1,Mystic
1166,5,6,12,0,8,0,0,0,0,0,0,0,4,6,0,0,0,2,2,0,3,Instinct
1167,5,6,12,2,7,0,0,0,0,0,0,0,4,6,0,2,1,1,2,0,3,Instinct
1168,3,0,4,0,5,0,0,0,0,0,0,2,3,3,0,0,0,0,1,0,2,Valor
1169,4,1,6,2,7,0,0,2,0,0,0,0,3,5,0,2,1,1,2,0,2,Valor
1170,4,6,11,4,6,0,0,0,0,0,0,0,4,4,1,3,2,1,2,0,2,Instinct
1171,1,2,4,0,2,0,0,0,0,0,0,0,1,1,0,0,0,0,0,0,1,Mystic
1172,2,1,4,0,4,0,0,0,0,0,0,0,3,1,0,0,0,0,1,0,1,Mystic
1173,3,0,4,0,5,0,0,0,0,0,2,0,3,3,0,0,0,1,1,0,2,Valor
1174,2,2,5,0,4,0,0,0,0,0,0,0,3,1,0,0,0,1,1,0,1,Mystic
1175,2,0,3,0,4,0,0,0,0,0,0,0,3,1,0,0,0,0,1,0,1,Mystic
1176,3,2,6,0,4,0,0,0,0,0,0,0,3,3,0,0,0,0,1,0,2,Mystic
1177,9,6,16,8,13,0,2,0,0,0,2,2,6,12,3,5,4,2,6,3,3,Instinct
1178,6,6,13,4,10,0,2,2,0,0,2,0,6,6,1,3,2,3,3,0,3,Instinct
1179,3,3,7,0,5,0,0,0,0,0,0,0,3,3,0,0,0,1,1,0,2,Mystic
1180,2,1,4,0,3,2,0,0,2,1,0,0,2,2,0,0,0,0,1,0,1,Mystic
1181,2,0,3,0,3,0,0,0,0,0,0,0,3,1,0,0,0,0,1,0,1,Valor
1182,3,0,4,0,5,0,0,0,0,0,0,2,3,3,0,0,0,0,1,0,2,Valor
1183,2,2,5,0,4,0,0,0,0,0,0,0,0,4,0,0,0,0,1,0,1,Mystic
1184,4,2,7,0,6,0,0,0,0,0,2,0,2,6,0,0,0,1,3,0,1,Mystic
1185,9,6,16,4,15,0,0,4,2,1,6,2,4,14,2,2,2,5,4,0,5,Instinct
1186,8,6,15,2,10,0,0,0,2,1,2,0,4,12,0,2,1,1,4,1,4,Instinct
1187,2,0,3,0,4,0,0,0,0,0,0,0,3,1,0,0,0,0,1,0,1,Valor
1188,2,2,5,4,4,0,2,0,0,0,0,0,0,4,3,1,1,1,1,1,1,Valor
1189,6,6,13,0,9,0,0,0,2,1,0,0,4,8,0,0,0,1,3,0,3,Instinct
1190,8,6,15,4,13,0,2,4,2,1,4,0,4,12,0,4,2,4,4,2,4,Instinct
1191,9,6,16,0,11,0,0,0,2,1,2,0,4,14,0,0,0,1,4,0,5,Instinct
1192,2,0,3,0,4,0,0,0,0,0,0,0,3,1,0,0,0,0,1,0,1,Mystic
1193,1,1,3,2,2,0,0,0,2,1,0,0,2,0,1,1,0,0,1,1,0,Valor
1194,2,0,3,0,4,0,0,0,0,0,0,0,3,1,0,0,0,0,1,0,1,Valor
1195,1,1,3,0,2,0,0,0,2,1,0,0,2,0,0,0,0,0,1,0,0,Mystic
1196,10,6,17,6,17,0,4,2,2,1,4,2,5,15,5,1,2,6,5,1,5,Instinct
1197,2,1,4,0,4,0,0,0,2,1,0,0,2,2,0,0,0,1,1,0,1,Mystic
1198,12,6,19,4,19,0,2,2,2,1,6,2,7,17,1,3,2,6,7,2,5,Instinct
1199,5,6,12,2,7,0,0,0,2,1,0,0,2,8,1,1,1,0,3,1,2,Instinct
